-- phpMyAdmin SQL Dump
-- version 4.0.4.1
-- http://www.phpmyadmin.net
--
-- Host: 127.0.0.1
-- Generation Time: Jan 05, 2014 at 09:19 AM
-- Server version: 5.5.32
-- PHP Version: 5.4.19

SET SQL_MODE = "NO_AUTO_VALUE_ON_ZERO";
SET time_zone = "+00:00";


/*!40101 SET @OLD_CHARACTER_SET_CLIENT=@@CHARACTER_SET_CLIENT */;
/*!40101 SET @OLD_CHARACTER_SET_RESULTS=@@CHARACTER_SET_RESULTS */;
/*!40101 SET @OLD_COLLATION_CONNECTION=@@COLLATION_CONNECTION */;
/*!40101 SET NAMES utf8 */;

--
-- Database: `planner`
--
CREATE DATABASE IF NOT EXISTS `planner` DEFAULT CHARACTER SET latin1 COLLATE latin1_swedish_ci;
USE `planner`;

-- --------------------------------------------------------

--
-- Table structure for table `alias`
--

CREATE TABLE IF NOT EXISTS `alias` (
  `pid` int(11) NOT NULL,
  `alias_cid` int(11) NOT NULL,
  `level` int(11) DEFAULT NULL,
  `term` varchar(20) CHARACTER SET utf8 DEFAULT NULL,
  `entryid` int(11) DEFAULT NULL,
  `mid` int(11) DEFAULT NULL
) ENGINE=InnoDB DEFAULT CHARSET=latin1;

--
-- Dumping data for table `alias`
--

INSERT INTO `alias` (`pid`, `alias_cid`, `level`, `term`, `entryid`, `mid`) VALUES
(147, 71302, 3, 'اول 92-93', 2, 32),
(203, 5301, 1, 'اول 92-93', 6, 27),
(249, 52410, 1, 'اول 92-93', 5, 27),
(251, 52410, 1, 'اول 92-93', 5, 27),
(230, 43102, 1, 'اول 92-93', 5, 27),
(231, 43102, 1, 'اول 92-93', 5, 27),
(142, 61410, 3, 'اول 92-93', 2, 32),
(282, 61303, 1, 'اول 92-93', 9, 27),
(142, 54129, 4, 'اول 92-93', 5, 39),
(119, 54114, 4, 'اول 92-93', 5, 39),
(122, 54112, 4, 'اول 92-93', 5, 39),
(315, 51405, 4, 'اول 92-93', 10, 27),
(281, 43115, 1, 'اول 92-93', 5, 27),
(168, 42101, 3, 'اول 92-93', 11, 32),
(130, 40403, 1, 'اول 92-93', 10, 29),
(131, 40403, 1, 'اول 92-93', 10, 29),
(132, 40403, 1, 'اول 92-93', 10, 29),
(283, 40403, 1, 'اول 92-93', 10, 29),
(427, 61319, 3, 'اول 92-93', 2, 32),
(429, 61323, 3, 'اول 92-93', 2, 32),
(258, 43109, 1, 'اول 92-93', 5, 27),
(439, 52503, 1, 'اول 92-93', 6, 29),
(440, 52503, 1, 'اول 92-93', 6, 29),
(490, 42310, 1, 'اول 92-93', 6, 29),
(489, 42310, 1, 'اول 92-93', 6, 29),
(445, 40205, 1, 'اول 92-93', 6, 29),
(443, 40203, 1, 'اول 92-93', 6, 29),
(491, 42102, 1, 'اول 92-93', 6, 29),
(493, 41513, 1, 'اول 92-93', 6, 29),
(441, 42104, 1, 'اول 92-93', 6, 29),
(494, 40204, 1, 'اول 92-93', 6, 29),
(494, 40204, 1, 'اول 92-93', 6, 29),
(450, 52503, 1, 'اول 92-93', 6, 29),
(451, 42104, 1, 'اول 92-93', 6, 29),
(506, 42407, 1, 'اول 92-93', 9, 27),
(461, 43102, 1, 'اول 92-93', 5, 27),
(462, 43102, 1, 'اول 92-93', 5, 27),
(502, 43110, 1, 'اول 92-93', 9, 27),
(500, 43108, 1, 'اول 92-93', 10, 23),
(501, 43108, 1, 'اول 92-93', 10, 23),
(498, 416005, 1, 'اول 92-93', 10, 23),
(507, 41524, 1, 'اول 92-93', 10, 23),
(514, 41515, 1, 'اول 92-93', 10, 23),
(515, 41515, 1, 'اول 92-93', 10, 23),
(498, 416005, 1, 'اول 92-93', 10, 23),
(513, 44120, 1, 'اول 92-93', 10, 23),
(508, 41523, 1, 'اول 92-93', 10, 23),
(504, 41522, 1, 'اول 92-93', 10, 23),
(505, 41522, 1, 'اول 92-93', 10, 23),
(508, 41523, 1, 'اول 92-93', 10, 23),
(513, 44120, 1, 'اول 92-93', 10, 23),
(521, 42407, 1, 'اول 92-93', 5, 23),
(523, 42407, 1, 'اول 92-93', 5, 23),
(522, 42407, 1, 'اول 92-93', 5, 23),
(518, 43115, 1, 'اول 92-93', 5, 23),
(519, 43115, 1, 'اول 92-93', 5, 23),
(520, 43115, 1, 'اول 92-93', 5, 23),
(513, 44120, 1, 'اول 92-93', 10, 23),
(508, 41523, 1, 'اول 92-93', 10, 23),
(512, 44120, 1, 'اول 92-93', 10, 23),
(511, 41523, 1, 'اول 92-93', 10, 23),
(444, 54106, 4, 'اول 92-93', 5, 40),
(311, 54109, 4, 'اول 92-93', 5, 40),
(322, 54115, 4, 'اول 92-93', 5, 40),
(317, 54110, 4, 'اول 92-93', 5, 40),
(437, 54112, 4, 'اول 92-93', 5, 40),
(521, 42407, 1, 'اول 92-93', 6, 28),
(119, 54114, 4, 'اول 92-93', 5, 40),
(122, 54108, 4, 'اول 92-93', 5, 40),
(593, 52309, 1, 'اول 92-93', 6, 29),
(585, 52309, 1, 'اول 92-93', 6, 29),
(597, 61814, 1, 'اول 92-93', 10, 23),
(598, 61814, 1, 'اول 92-93', 10, 23),
(599, 61814, 1, 'اول 92-93', 10, 23),
(450, 52503, 1, 'اول 92-93', 6, 28),
(435, 41001, 1, 'اول 92-93', 6, 28),
(436, 10000, 1, 'اول 92-93', 6, 28),
(438, 41002, 1, 'اول 92-93', 6, 28),
(441, 42104, 1, 'اول 92-93', 6, 28),
(451, 42104, 1, 'اول 92-93', 6, 28),
(497, 42203, 1, 'اول 92-93', 6, 28),
(604, 40404, 1, 'اول 92-93', 5, 29),
(605, 40404, 1, 'اول 92-93', 5, 29),
(606, 40404, 1, 'اول 92-93', 5, 29),
(610, 61808, 1, 'اول 92-93', 5, 29),
(608, 61808, 1, 'اول 92-93', 5, 29),
(607, 61808, 1, 'اول 92-93', 5, 29),
(160, 51102, 3, 'اول 92-93', 5, 25),
(726, 42203, 1, 'اول 92-93', 6, 23),
(722, 40314, 1, 'اول 92-93', 16, 29),
(723, 40314, 1, 'اول 92-93', 16, 29),
(724, 40314, 1, 'اول 92-93', 16, 29),
(665, 42407, 1, 'اول 92-93', 5, 29),
(663, 42407, 1, 'اول 92-93', 5, 29),
(661, 42407, 1, 'اول 92-93', 5, 29),
(668, 43115, 1, 'اول 92-93', 5, 29),
(668, 43115, 1, 'اول 92-93', 5, 29),
(725, 43115, 1, 'اول 92-93', 5, 29),
(642, 42101, 1, 'اول 92-93', 5, 29),
(564, 62107, 3, 'اول 92-93', 11, 34),
(733, 62107, 3, 'اول 92-93', 11, 34),
(565, 62106, 3, 'اول 92-93', 11, 34),
(734, 62106, 3, 'اول 92-93', 11, 34),
(563, 62106, 3, 'اول 92-93', 11, 34),
(152, 42102, 3, 'اول 92-93', 6, 25),
(171, 40105, 4, 'اول 92-93', 10, 25),
(494, 40204, 1, 'اول 92-93', 6, 29),
(493, 41513, 1, 'اول 92-93', 6, 29),
(786, 42203, 1, 'اول 92-93', 6, 23),
(787, 42203, 1, 'اول 92-93', 6, 23),
(786, 42203, 1, 'اول 92-93', 6, 28),
(791, 42203, 1, 'اول 92-93', 6, 23),
(499, 416005, 1, 'اول 92-93', 10, 23),
(792, 416004, 1, 'اول 92-93', 10, 23),
(797, 41605, 1, 'اول 92-93', 15, 29),
(245, 61208, 3, 'اول 92-93', 5, 32),
(503, 43108, 1, 'اول 92-93', 10, 23),
(805, 41001, 1, 'اول 92-93', 6, 29),
(806, 10000, 1, 'اول 92-93', 6, 29),
(807, 41002, 1, 'اول 92-93', 6, 29),
(805, 41001, 1, 'اول 92-93', 6, 28),
(806, 10000, 1, 'اول 92-93', 6, 28),
(807, 41002, 1, 'اول 92-93', 6, 28),
(585, 52309, 1, 'اول 92-93', 15, 29),
(586, 52309, 1, 'اول 92-93', 15, 29),
(720, 416003, 1, 'اول 92-93', 15, 29),
(721, 416003, 1, 'اول 92-93', 15, 29),
(718, 52309, 1, 'اول 92-93', 15, 29),
(792, 416004, 1, 'اول 92-93', 6, 23);

-- --------------------------------------------------------

--
-- Table structure for table `class`
--

CREATE TABLE IF NOT EXISTS `class` (
  `clid` int(11) DEFAULT NULL,
  `capacity` int(11) DEFAULT NULL,
  `type` text,
  `cname` varchar(100) CHARACTER SET utf8 DEFAULT NULL,
  `free` tinyint(1) DEFAULT '1',
  UNIQUE KEY `clid` (`clid`)
) ENGINE=InnoDB DEFAULT CHARSET=latin1;

--
-- Dumping data for table `class`
--

INSERT INTO `class` (`clid`, `capacity`, `type`, `cname`, `free`) VALUES
(102, 50, '', '', 0),
(104, 40, '', '', 0),
(201, 49, '', '', 0),
(202, 63, 'D', '', 0),
(204, 66, 'D', '', 0),
(209, 65, 'D', '', 0),
(210, 51, '', '', 0),
(301, 52, '', '', 0),
(302, 62, 'D', '', 0),
(303, 51, 'D', '', 0),
(304, 65, 'D', '', 0),
(307, 69, '', '', 0),
(308, 49, 'D', '', 0),
(309, 56, '', '', 0),
(310, 49, '', '', 0),
(401, 56, '', '', 0),
(402, 92, 'D', '', 0),
(403, 65, 'D', '', 0),
(407, 90, '', '', 0),
(408, 64, 'D', '', 0),
(409, 89, 'D', '', 0),
(410, 56, '', '', 0),
(602, 35, '', '', 0),
(603, 35, '', '', 0),
(604, 40, '', '', 0),
(606, 30, '', '', 0),
(607, 32, '', '', 0),
(611, 42, 'D', '', 0),
(613, 33, '', '', 0),
(614, 35, '', '', 0),
(616, 60, 'D', '', 0),
(703, 55, '', '', 0),
(704, 55, 'D', '', 0),
(706, 52, '', '', 0),
(707, 50, '', '', 0),
(701, 0, 'A', '', 0),
(702, 0, 'AD', '', 0),
(705, 0, 'A', '', 0),
(708, 0, 'AD', '', 0),
(709, 0, 'A', '', 0),
(512, 0, 'A', '', 1),
(501, 10, 'L', 'آز-ماشين', 0),
(502, 18, 'L', 'کارگاه الکترونيک', 0),
(503, 18, 'L', 'کارگاه الکترونيک', 0),
(504, 12, 'L', 'آز-هيدروليک پنوماتيک', 0),
(505, 12, 'L', 'کارگاه PLC', 0),
(506, 18, 'L', 'تعميرات موبايل', 0),
(508, 16, 'L', 'کارگاه برق و مدارفرمان', 0),
(509, 18, 'L', 'آز-فيزيک1', 0),
(510, 12, 'L', 'کارگاه سيم پيچي', 0),
(511, 15, 'L', 'کارگاه تلويزيون', 1),
(514, 18, 'L', 'کارگاه الکترونيک', 0),
(107, 20, 'C', '', 0),
(2, 18, 'C', '', 0),
(3, 15, 'C', '', 0),
(4, 18, 'C', '', 0),
(108, 20, 'S', '', 0),
(0, 100, 'L', 'naios', 0);

-- --------------------------------------------------------

--
-- Table structure for table `course`
--

CREATE TABLE IF NOT EXISTS `course` (
  `unit` int(11) DEFAULT NULL,
  `unit_p` int(11) DEFAULT NULL,
  `unit_t` int(11) DEFAULT NULL,
  `type` varchar(100) CHARACTER SET utf8 DEFAULT NULL,
  `cname` varchar(100) CHARACTER SET utf8 DEFAULT NULL,
  `cid` int(11) NOT NULL,
  UNIQUE KEY `cid` (`cid`)
) ENGINE=InnoDB DEFAULT CHARSET=latin1;

--
-- Dumping data for table `course`
--

INSERT INTO `course` (`unit`, `unit_p`, `unit_t`, `type`, `cname`, `cid`) VALUES
(2, 0, 2, 'اختیاری عمومی', 'دفاع مقدس', 2000),
(2, 0, 2, 'عمومی', 'تاریخ تمدن و فرهنگ اسلام و ایران', 2001),
(2, 0, 2, 'عمومی', 'دانش خانواده و جمعیت', 2002),
(3, 2, 1, 'نظری عملی', 'زبانهای ماشین و اسمبلی', 5301),
(2, 0, 2, 'جبرانی تخصصی', 'ارتباط داده ها ', 5401),
(3, 0, 3, 'جبرانی تخصصی', 'الکترومغناطیس و امواج ', 5402),
(2, 0, 2, 'پایه نظری', 'احتمالات در ICT', 5403),
(3, 0, 3, 'جبرانی تخصصی', 'تکنولوژی مخابرات ', 5404),
(3, 0, 3, 'پیش نیاز پایه', 'فیزیک پیش دانشگاهی', 10000),
(3, 0, 3, 'عمومی', 'فارسی عمومی', 40102),
(3, 0, 3, 'عمومی', 'زبان خارجی', 40103),
(2, 0, 2, 'عمومی', 'اندیشه اسلامی  2', 40105),
(1, 1, 0, 'آزمایشگاهی یاعملی 3 ساعته', 'کارگاه مکانیک', 40201),
(3, 0, 3, 'پایه نظری', 'فیزیک الکتریسیته', 40202),
(3, 0, 3, 'پایه نظری', 'ریاضیات عمومی', 40203),
(2, 0, 2, 'اصلی و تخصصی نظری', 'ریاضیات کاربردی', 40204),
(2, 0, 2, 'پایه نظری', 'فیزیک عمومی', 40205),
(3, 0, 3, 'جبرانی تخصصی', 'مدار', 40206),
(1, 1, 0, 'آزمایشگاهی یاعملی 3 ساعته', 'آزمایشگاه مقدماتی برق', 40207),
(3, 0, 3, 'جبرانی تخصصی', 'مدار 2', 40301),
(1, 1, 0, 'آزمایشگاهی یاعملی 2 ساعته', 'آزمایشگاه مدار', 40302),
(3, 0, 3, 'اصلی و تخصصی نظری', 'اصول اندازه گیری', 40303),
(1, 1, 0, 'آزمایشگاهی یاعملی 2 ساعته', 'آزمایشگاه اصول اندازه گیری', 40304),
(2, 0, 2, 'اصلی و تخصصی نظری', 'الکتروتکنیک', 40305),
(1, 1, 0, 'آزمایشگاهی یاعملی 3 ساعته', 'کارگاه عمومی برق', 40306),
(4, 0, 4, 'جبرانی تخصصی', 'الکترونیک 1', 40307),
(1, 1, 0, 'آزمایشگاهی یاعملی 3 ساعته', 'آزمایشگاه الکترونیک 1', 40308),
(4, 0, 4, 'جبرانی تخصصی', 'الکترونیک 2', 40309),
(1, 1, 0, 'آزمایشگاهی یاعملی 3 ساعته', 'آزمایشگاه الکترونیک 2', 40310),
(2, 0, 2, 'اصلی و تخصصی نظری', 'تکنیک پالس', 40311),
(1, 1, 0, 'آزمایشگاهی یاعملی 3 ساعته', 'آزمایشگاه تکنیک پالس', 40312),
(3, 0, 2, 'جبرانی تخصصی', 'دیجیتال', 40313),
(1, 1, 0, 'آزمایشگاهی یاعملی 3 ساعته', 'آزمایشگاه دیجیتال', 40314),
(1, 0, 1, 'اصلی و تخصصی نظری', 'برنامه نویسی کامپیوتر', 40315),
(3, 0, 3, 'اصلی و تخصصی نظری', 'الکترونیک 1', 40316),
(3, 0, 3, 'پایه نظری', 'آمار و احتمالات مهندسی', 40317),
(1, 1, 0, 'آزمایشگاهی یاعملی 3 ساعته', 'آزمایشگاه الکترونیک3', 40318),
(1, 1, 0, 'آزمایشگاهی یاعملی 3 ساعته', 'آزمایشگاه سیستم تلویزیون', 40319),
(4, 0, 4, 'اصلی و تخصصی نظری', 'اصول و مدارات مخابراتی', 40401),
(1, 1, 0, 'آزمایشگاهی یاعملی 3 ساعته', 'آزمایشگاه مدارات مخابراتی', 40402),
(3, 0, 3, 'اصلی و تخصصی نظری', 'الکترونیک صنعتی', 40403),
(1, 1, 0, 'آزمایشگاهی یاعملی 3 ساعته', 'آزمایشگاه الکترونیک صنعتی', 40404),
(2, 0, 2, 'اصلی و تخصصی نظری', 'کاتالوگ خوانی', 40405),
(2, 2, 0, 'پروژه', 'پروژه', 40406),
(2, 2, 0, 'کارآموزی', 'کارآموزی', 40407),
(3, 0, 3, 'اختیاری تخصصی', 'ابزار دقیق', 40501),
(1, 1, 0, 'آزمایشگاهی یاعملی 3 ساعته', 'آزمایشگاه ابزار دقیق', 40502),
(3, 1, 2, 'اختیاری تخصصی', 'سیستم های صنعتی', 40503),
(3, 0, 3, 'اختیاری تخصصی', 'دستگاههای اندازه گیری معمول', 40504),
(1, 1, 0, 'آزمایشگاهی یاعملی 2 ساعته', 'آزمایشگاه اندازه گیری معمول', 40505),
(2, 0, 2, 'اختیاری تخصصی', 'دستگاههای اندازه گیری خاص', 40506),
(1, 1, 0, 'آزمایشگاهی یاعملی 2 ساعته', 'آزمایشگاه اندازه گیری خاص', 40507),
(3, 0, 3, 'اختیاری تخصصی', 'تلویزیون', 40508),
(1, 1, 0, 'آزمایشگاهی یاعملی 2 ساعته', 'آزمایشگاه تلویزیون', 40509),
(2, 0, 2, 'اختیاری تخصصی', 'اصول ضبط صدا و تصویر', 40510),
(1, 1, 0, 'آزمایشگاهی یاعملی 2 ساعته', 'آزمایشگاه صدا و تصویر', 40511),
(3, 0, 3, 'اصلی و تخصصی نظری', 'مدارات مجتمع خطی', 40513),
(1, 1, 0, 'آزمایشگاهی یاعملی 3 ساعته', 'آزمایشگاه مدارات مجتمع خطی', 40514),
(3, 0, 3, 'اصلی و تخصصی نظری', 'میکروپروسسور', 40515),
(2, 0, 2, 'پیش نیاز پایه', 'فیزیک پیش نیاز', 41000),
(3, 0, 3, 'پیش نیاز پایه', 'ریاضی پیش نیاز', 41001),
(3, 0, 3, 'عمومی', 'زبان پیش نیاز', 41002),
(1, 0, 1, 'عمومی', 'تنظیم خانواده', 41003),
(3, 0, 3, 'پایه نظری', 'ریاضی عمومی', 41201),
(2, 0, 2, 'پایه نظری', 'فیزیک', 41203),
(3, 0, 3, 'پایه نظری', 'برنامه سازی کامپیوتر 1', 41301),
(2, 2, 0, 'آزمایشگاهی یاعملی 3 ساعته', 'کارگاه کامپیوتر', 41302),
(2, 0, 2, 'جبرانی تخصصی', 'زبان تخصصی', 41304),
(1, 1, 0, 'آزمایشگاهی یاعملی 2 ساعته', 'آزمایشگاه مدارهای منطقی ', 41306),
(3, 0, 3, 'اصلی و تخصصی نظری', 'ذخیره و بازیابی اطلاعات', 41311),
(2, 2, 0, 'کارآموزی', 'کارورزی', 41405),
(3, 0, 3, 'اصلی و تخصصی نظری', 'اصول سیستمهای شبکه', 41406),
(3, 2, 1, 'نظری عملی', 'سخت افزار کامپیوتر', 41504),
(2, 0, 2, 'اصلی و تخصصی نظری', 'هیدرولیک و پنوماتیک', 41510),
(1, 1, 0, 'آزمایشگاهی یاعملی 2 ساعته', 'آزمایشگاه هیدرولیک و پنوماتیک', 41512),
(2, 0, 2, 'اصلی و تخصصی نظری', 'مکانیک کاربردی', 41513),
(1, 1, 0, 'آزمایشگاهی یاعملی 3 ساعته', 'آزمایشگاه ماشین های الکتریکی(2)', 41514),
(2, 0, 2, 'اصلی و تخصصی نظری', 'ماشین های الکتریکی سه فاز', 41515),
(2, 0, 2, 'اصلی و تخصصی نظری', 'ماشین های الکتریکی مخصوص', 41516),
(2, 0, 2, 'اصلی و تخصصی نظری', 'مبانی سیستم های قدرت', 41517),
(2, 0, 2, 'اصلی و تخصصی نظری', 'کنترل صنعتی', 41518),
(1, 1, 0, 'آزمایشگاهی یاعملی 3 ساعته', 'آزمایشگاه کنترل صنعتی', 41519),
(1, 1, 0, 'آزمایشگاهی یاعملی 3 ساعته', 'کارگاه سیم پیچی(1)', 41520),
(1, 1, 0, 'آزمایشگاهی یاعملی 3 ساعته', 'کارگاه سیم پیچی(2)', 41521),
(2, 0, 2, 'اختیاری تخصصی', 'تکنولوژی عایق ها و فشار قوی', 41522),
(2, 0, 2, 'اختیاری تخصصی', 'روشنائی فنی', 41523),
(2, 0, 2, 'اختیاری تخصصی', 'رله و حفاظت', 41524),
(2, 0, 2, 'اصلی و تخصصی نظری', 'تجهیزات پست و نیروگاه', 41525),
(2, 2, 0, 'آزمایشگاهی یاعملی 3 ساعته', 'کارگاه شبکه هوائی', 41526),
(1, 1, 0, 'آزمایشگاهی یاعملی 3 ساعته', 'کارگاه کابل', 41527),
(1, 1, 0, 'آزمایشگاهی یاعملی 3 ساعته', 'کارگاه سرکابل و مفصل', 41528),
(2, 2, 0, 'آزمایشگاهی یاعملی 3 ساعته', 'کارگاه تاسیسات الکتریکی', 41529),
(2, 0, 2, 'اختیاری تخصصی', 'کاربرد میکروکنترلرها', 41530),
(2, 2, 0, 'آزمایشگاهی یاعملی 3 ساعته', 'کارگاه ورق کاری و جوشکاری', 41605),
(2, 0, 2, 'اصلی و تخصصی نظری', 'سرپرستی سازمان', 41701),
(2, 0, 2, 'اصلی و تخصصی نظری', 'کلیات حقوق', 41702),
(3, 0, 3, 'اصلی و تخصصی نظری', 'حسابداری شرکتهای(1)', 41703),
(3, 0, 3, 'پایه نظری', 'روشهای آماری', 41704),
(2, 0, 2, 'اصلی و تخصصی نظری', 'حقوق تجارت', 41705),
(2, 0, 2, 'اصلی و تخصصی نظری', 'کاربرد کامپیوتر در حسابداری(2)', 41706),
(2, 0, 2, 'اصلی و تخصصی نظری', 'کاربرد کامپیوتر در حسابداری(3)', 41707),
(2, 0, 2, 'اصلی و تخصصی نظری', 'اصول تنظیم و کنترل بودجه دولتی', 41708),
(2, 0, 2, 'اصلی و تخصصی نظری', 'حسابداری مالیاتی', 41709),
(3, 0, 3, 'اصلی و تخصصی نظری', 'حسابداری شرکتهای(2)', 41710),
(3, 0, 3, 'اصلی و تخصصی نظری', 'حسابرسی(1)', 41711),
(3, 0, 3, 'اصلی و تخصصی نظری', 'حسابداری دولتی(1)', 41712),
(3, 0, 3, 'اصلی و تخصصی نظری', 'حسابداری مالی', 41713),
(1, 1, 0, 'پروژه', 'پروژه مالی', 41714),
(2, 2, 0, 'پروژه', 'کارآفرینی و پروژه', 41715),
(2, 0, 2, 'اصلی و تخصصی نظری', 'شناخت مواد و مصالح', 41805),
(3, 2, 1, 'نظری عملی', 'کاربرد رایانه در نقشه برداری', 42001),
(1, 1, 0, 'آزمایشگاهی یاعملی 2 ساعته', 'عملیات نقشه برداری', 42002),
(2, 0, 2, 'اصلی و تخصصی نظری', 'نقشه برداری عمومی2', 42003),
(1, 1, 0, 'آزمایشگاهی یاعملی 3 ساعته', 'کارگاه محاسبه و ترسیم 3', 42004),
(2, 0, 2, 'اصلی و تخصصی نظری', 'تئوری خطاها', 42005),
(1, 1, 0, 'آزمایشگاهی یاعملی 2 ساعته', 'کارگاه محاسبه و ترسیم(4)', 42006),
(2, 0, 2, 'اصلی و تخصصی نظری', 'نقشه برداری مسیر', 42007),
(1, 1, 0, 'آزمایشگاهی یاعملی 2 ساعته', 'عملیات نقشه برداری مسیر', 42008),
(2, 0, 2, 'اصلی و تخصصی نظری', 'کاداستر', 42009),
(2, 1, 1, 'نظری عملی', 'تکنولوژی و تنظیم دستگاه های نقشه برداری1', 42010),
(2, 0, 2, 'اصلی و تخصصی نظری', 'ژئودوزی(1)', 42011),
(1, 1, 0, 'آزمایشگاهی یاعملی 2 ساعته', 'عملیات ژئودوزی(1)', 42012),
(2, 0, 2, 'پایه نظری', 'مبانی زمین شناسی و ژئومورفولوژی', 42013),
(1, 1, 0, 'آزمایشگاهی یاعملی 2 ساعته', 'کارگاه محاسبه و ترسیم(5)', 42014),
(2, 0, 2, 'اصلی و تخصصی نظری', 'فتوگرامتری(1)', 42015),
(1, 1, 0, 'آزمایشگاهی یاعملی 2 ساعته', 'عملیات فتو گرامتری(1)', 42016),
(2, 1, 1, 'نظری عملی', 'تکنولوژی و تنظیم دستگاه های نقشه برداری(2)', 42017),
(2, 1, 1, 'نظری عملی', 'اتوماسیون در نقشه برداری', 42018),
(2, 0, 2, 'اصلی و تخصصی نظری', 'کارتو گرافی', 42019),
(1, 1, 0, 'آزمایشگاهی یاعملی 2 ساعته', 'عملیات کارتو گرافی', 42020),
(2, 0, 2, 'اصلی و تخصصی نظری', 'فتوگرامتری(2)', 42021),
(1, 1, 0, 'آزمایشگاهی یاعملی 2 ساعته', 'عملیات فتو گرامتری(2)', 42022),
(2, 0, 2, 'اصلی و تخصصی نظری', 'هیدروگرافی', 42023),
(2, 0, 2, 'اصلی و تخصصی نظری', 'نقشه برداری زیرزمینی', 42024),
(1, 1, 0, 'آزمایشگاهی یاعملی 2 ساعته', 'کارکاه محاسبه و ترسیم(6)', 42025),
(2, 0, 2, 'اصلی و تخصصی نظری', 'ژئودوزی(2)', 42026),
(1, 1, 0, 'آزمایشگاهی یاعملی 2 ساعته', 'عملیات ژئودوزی(2)', 42027),
(2, 1, 1, 'نظری عملی', 'تعیین موقعیت نسبت به اجرای سماوی', 42028),
(2, 0, 2, 'عمومی', 'اندیشه اسلامی 1', 42101),
(2, 0, 2, 'عمومی', 'اخلاق و تربیت اسلامی', 42102),
(3, 0, 3, 'عمومی', 'زبان فارسی', 42103),
(3, 0, 3, 'عمومی', 'زبان خارجی', 42104),
(1, 1, 0, 'آزمایشگاهی یاعملی 2 ساعته', 'تربیت بدنی1', 42105),
(2, 0, 2, 'اصلی و تخصصی نظری', 'خواص مواد در برق', 42106),
(2, 0, 2, 'پایه نظری', 'فیزیک مکانیک', 42107),
(1, 1, 0, 'آزمایشگاهی یاعملی 2 ساعته', 'آزمایشگاه فیزیک مکانیک', 42108),
(2, 0, 2, 'اصلی و تخصصی نظری', 'اندازه گیری الکتریکی', 42109),
(2, 0, 2, 'اصلی و تخصصی نظری', 'الکترونیک عمومی', 42110),
(1, 0, 1, 'اصلی و تخصصی نظری', 'اجزاء ماشین', 42111),
(2, 0, 2, 'اصلی و تخصصی نظری', 'زبان فنی و کاتالوگ خوانی', 42112),
(1, 1, 0, 'آزمایشگاهی یاعملی 3 ساعته', 'کارگاه ماشین ابزار', 42113),
(3, 0, 3, 'اصلی و تخصصی نظری', 'ماشینهای DCو ترانسفورماتور', 42114),
(3, 0, 3, 'اصلی و تخصصی نظری', 'موتورهای القائی', 42115),
(2, 0, 2, 'اصلی و تخصصی نظری', 'ماشینهای سنکرون', 42116),
(1, 1, 0, 'آزمایشگاهی یاعملی 3 ساعته', 'آزمایشگاه ماشینهای DCو ترانسفورماتور', 42117),
(1, 1, 0, 'آزمایشگاهی یاعملی 3 ساعته', 'آزمایشگاه ماشینهای AC', 42118),
(1, 1, 0, 'آزمایشگاهی یاعملی 2 ساعته', 'کارگاه تعمیرات الکتریکی ماشینهای DC', 42119),
(1, 1, 0, 'آزمایشگاهی یاعملی 2 ساعته', 'کارگاه تعمیرات ترانسفورماتور', 42120),
(2, 2, 0, 'آزمایشگاهی یاعملی 3 ساعته', 'کارگاه تعمیرات الکتریکی موتورهای سه فاز', 42121),
(1, 1, 0, 'آزمایشگاهی یاعملی 2 ساعته', 'کارگاه تعمیرات الکتریکی موتورهای یک فاز', 42122),
(1, 1, 0, 'آزمایشگاهی یاعملی 2 ساعته', 'کارگاه تعمیرات الکتریکی ماشینهای سنکرون', 42123),
(1, 1, 0, 'آزمایشگاهی یاعملی 2 ساعته', 'کارگاه نصب و تعمیرات مکانیکی ماشینهای الکتریکی', 42124),
(1, 0, 1, 'اصلی و تخصصی نظری', 'حفاظت ماشینهای الکتریکی', 42125),
(2, 0, 2, 'اصلی و تخصصی نظری', 'الکترونیک صنعتی', 42126),
(1, 1, 0, 'آزمایشگاهی یاعملی 3 ساعته', 'آزمایشگاه کنترل سرعت موتورهای الکتریکی', 42127),
(2, 1, 1, 'نظری عملی', 'کاربرد کامپیوتر در تعمیرونگهداری ماشینهای الکتریکی', 42128),
(2, 0, 2, 'اصلی و تخصصی نظری', 'کنترل سیستمهای خطی', 42129),
(3, 0, 3, 'پایه نظری', 'ریاضی عمومی', 42201),
(3, 0, 3, 'پایه نظری', 'آمار و احتمالات', 42202),
(2, 0, 2, 'پایه نظری', 'فیزیک الکتریسیته', 42203),
(1, 1, 0, 'آزمایشگاهی یاعملی 2 ساعته', 'آز فیزیک الکتریسته', 42204),
(3, 0, 3, 'پایه نظری', 'برنامه سازی کامپیوتر1', 42302),
(1, 1, 0, 'آزمایشگاهی یاعملی 3 ساعته', 'آز مدارهای الکتریکی', 42306),
(3, 0, 3, 'اصلی و تخصصی نظری', 'الکترونیک', 42310),
(1, 1, 0, 'آزمایشگاهی یاعملی 2 ساعته', 'آز الکترونیک', 42311),
(2, 2, 0, 'آزمایشگاهی یاعملی 3 ساعته', 'کارگاه کامپیوتر', 42312),
(3, 0, 3, 'پایه نظری', 'ریاضیات کاربردی', 42313),
(1, 1, 0, 'آزمایشگاهی یاعملی 3 ساعته', 'آز معماری کامپیوتر', 42314),
(2, 0, 2, 'اصلی و تخصصی نظری', 'اصول سرپرستی', 42407),
(2, 0, 2, 'اصلی و تخصصی نظری', 'سیستم عامل 2', 43101),
(1, 1, 0, 'آزمایشگاهی یاعملی 3 ساعته', 'کارگاه سیستم عامل 2', 43102),
(1, 1, 0, 'آزمایشگاهی یاعملی 2 ساعته', 'مبانی اینترنت', 43103),
(1, 0, 1, 'اصلی و تخصصی نظری', 'شیوه ارائه نوشتاری و گفتاری', 43105),
(2, 0, 2, 'اصلی و تخصصی نظری', 'مبانی الکترونیک', 43106),
(1, 1, 0, 'آزمایشگاهی یاعملی 3 ساعته', 'کارگاه مبانی الکترونیک', 43107),
(2, 0, 2, 'اصلی و تخصصی نظری', 'زبان فنی', 43108),
(1, 1, 0, 'آزمایشگاهی یاعملی 2 ساعته', 'آزمایشگاه نرم افزارهای گرافیکی', 43109),
(3, 2, 1, 'نظری عملی', 'برنامه سازی پیشرفته(2)', 43110),
(2, 0, 2, 'اصلی و تخصصی نظری', 'پایگاه داده ها', 43111),
(2, 0, 2, 'اصلی و تخصصی نظری', 'مبانی مهندسی نرم افزار', 43112),
(2, 1, 1, 'نظری عملی', 'برنامه نویسی مبتنی بر وب', 43113),
(2, 1, 1, 'نظری عملی', 'مباحث ویژه', 43114),
(2, 2, 0, 'پروژه', 'کارآفرینی و پروژه', 43115),
(2, 1, 1, 'اختیاری تخصصی', 'گرافیک کامپیوتری', 43116),
(2, 1, 1, 'اختیاری تخصصی', 'نرم افزارهای ریاضی و آمار', 43117),
(1, 1, 0, 'آزمایشگاهی یاعملی 3 ساعته', 'کارگاه شبکه های محلی کامپیوتری', 43118),
(1, 1, 0, 'آزمایشگاهی یاعملی 3 ساعته', 'آز مدارهای دیجیتال', 44101),
(2, 0, 2, 'اصلی و تخصصی نظری', 'ماشین های الکتریکی', 44102),
(1, 1, 0, 'آزمایشگاهی یاعملی 3 ساعته', 'کارگاه ماشین های الکتریکی و مدار فرمان', 44103),
(3, 0, 3, 'اصلی و تخصصی نظری', 'سیستم های مخابراتی', 44104),
(1, 1, 0, 'آزمایشگاهی یاعملی 3 ساعته', 'کارگاه الکترونیک', 44105),
(1, 1, 0, 'آزمایشگاهی یاعملی 3 ساعته', 'آزمایشگاه سیستم های مخابراتی', 44106),
(2, 0, 2, 'اصلی و تخصصی نظری', 'میکروپروسسور', 44107),
(2, 0, 2, 'اصلی و تخصصی نظری', 'میکروکنترولر', 44108),
(3, 0, 3, 'اصلی و تخصصی نظری', 'سیستم های تلویزیون', 44109),
(1, 1, 0, 'آزمایشگاهی یاعملی 3 ساعته', 'کارگاه تعمیرات تلویزیون', 44110),
(1, 1, 0, 'آزمایشگاهی یاعملی 3 ساعته', 'کارگاه PLC', 44111),
(2, 0, 2, 'اصلی و تخصصی نظری', 'کاربرد ابزار دقیق و کنترل', 44112),
(1, 1, 0, 'آزمایشگاهی یاعملی 3 ساعته', 'طراحی و ساخت مدار چاپی به کمک کامپیوتر', 44113),
(1, 1, 0, 'آزمایشگاهی یاعملی 3 ساعته', 'کاربرد رایانه در الکترونیک', 44114),
(1, 1, 0, 'آزمایشگاهی یاعملی 3 ساعته', 'آزمایشگاه میکروپرسسور میکروکنترولر', 44115),
(3, 0, 3, 'اختیاری تخصصی', 'تولید نرم افزار آموزشی چند رسانه ای ', 44116),
(3, 0, 3, 'اختیاری تخصصی', 'منابع تغذیه سوئیچینگ', 44117),
(2, 0, 2, 'جبرانی تخصصی', 'مدارهای الکتریکی', 44118),
(2, 0, 2, 'جبرانی تخصصی', 'الکترونیک عمومی2', 44119),
(2, 0, 2, 'اصلی و تخصصی نظری', 'مبانی دیجیتال', 44120),
(2, 0, 2, 'جبرانی تخصصی', 'مبانی مخابرات و رادیو', 44121),
(2, 0, 2, 'عمومی', 'انقلاب اسلامی و ریشه های آن', 51102),
(2, 0, 2, 'عمومی', 'تاریخ اسلام', 51103),
(2, 0, 2, 'عمومی', 'متون اسلامی', 51104),
(1, 1, 0, 'آزمایشگاهی یاعملی 2 ساعته', 'تربیت بدنی 2', 51105),
(2, 0, 2, 'اصلی و تخصصی نظری', 'آمار و احتمالات مهندسی', 51201),
(2, 0, 2, 'پایه نظری', 'ریاضی مهندسی', 51202),
(2, 0, 2, 'پایه نظری', 'معادلات دیفرانسیل', 51203),
(2, 0, 2, 'پایه نظری', 'ریاضی گسسته', 51204),
(2, 1, 1, 'نظری عملی', 'زبان ماشین اسمبلی', 51301),
(3, 0, 3, 'اصلی و تخصصی نظری', 'زبان تخصصی نرم افزار', 51302),
(3, 1, 2, 'نظری عملی', 'طراحی الگوریتمها', 51303),
(2, 0, 2, 'اصلی و تخصصی نظری', 'شیوه ارائه مطالب علمی و فنی', 51304),
(3, 1, 2, 'نظری عملی', 'برنامه سازی سیستم', 51305),
(3, 0, 3, 'اصلی و تخصصی نظری', 'مهندسی نرم افزار', 51306),
(1, 1, 0, 'آزمایشگاهی یاعملی 3 ساعته', 'آزمایشگاه مهندسی نرم افزار', 51307),
(2, 0, 2, 'اصلی و تخصصی نظری', 'معماری کامپیوتر', 51308),
(1, 1, 0, 'آزمایشگاهی یاعملی 3 ساعته', 'آزمایشگاه معماری کامپیوتر', 51309),
(3, 0, 3, 'اصلی و تخصصی نظری', 'هوش مصنوعی', 51401),
(3, 0, 3, 'اختیاری تخصصی', 'شبیه سازی کامپیوتری', 51402),
(3, 1, 2, 'نظری عملی', 'گرافیک کامپیوتری 1', 51403),
(3, 1, 2, 'نظری عملی', 'مهندسی اینترنت', 51404),
(3, 1, 2, 'نظری عملی', 'مباحث ویژه', 51405),
(3, 3, 0, 'پروژه', 'پروژه نرم افزار', 51406),
(3, 3, 0, 'کارآموزی', 'کارآموزی', 51407),
(2, 0, 2, 'جبرانی تخصصی', 'سیستم عامل شبکه', 51501),
(2, 2, 0, 'آزمایشگاه  اختیاری تخصصی', 'کارگاه سیستم عامل شبکه', 51502),
(2, 2, 0, 'آزمایشگاه  اختیاری تخصصی', 'نصب و راه اندازی شبکه', 51503),
(3, 0, 3, 'جبرانی تخصصی', 'طراحی صفحات وب', 51504),
(3, 0, 3, 'اختیاری تخصصی', 'سیستم های خبره', 51505),
(3, 1, 2, 'نظری عملی اختیاری تخصصی', 'محیط های چند رسانه ای', 51506),
(3, 1, 2, 'نظری عملی اختیاری تخصصی', 'طراحی و پیاده سازی زبانهای برنامه نویسی', 51507),
(3, 1, 2, 'نظری عملی اختیاری تخصصی', 'گرافیک کامپیوتری2', 51508),
(3, 1, 2, 'نظری عملی اختیاری تخصصی', 'ایجاد بانکهای اطلاعاتی', 51509),
(3, 0, 3, 'اختیاری تخصصی', 'طراحی سیستم های شی گرا', 51510),
(3, 1, 2, 'نظری عملی اختیاری تخصصی', 'اصول برنامه ریزی توصیفی', 51511),
(3, 1, 2, 'نظری عملی اختیاری تخصصی', 'برنامه نویسی همروند', 51512),
(4, 0, 4, 'اصلی و تخصصی نظری', 'حسابداری میانه', 51601),
(2, 1, 1, 'نظری عملی', 'پژوهش عملیاتی(1)', 51602),
(2, 1, 1, 'نظری عملی', 'پژوهش عملیاتی(2)', 51603),
(2, 1, 1, 'نظری عملی', 'سیستمهای اطلاعاتی حسابداری', 51604),
(2, 1, 1, 'نظری عملی', 'سرمایه گذاری در بورس اوراق بهادار', 51605),
(2, 0, 2, 'اصلی و تخصصی نظری', 'مالیه عمومی', 51606),
(2, 0, 2, 'اصلی و تخصصی نظری', 'پول و ارز وبانکداری', 51607),
(3, 2, 1, 'نظری عملی', 'کاربرد نرم افزارهای رایانه ای در حسابداری', 51608),
(2, 0, 2, 'اصلی و تخصصی نظری', 'امور مالی بین المللی', 51609),
(3, 0, 3, 'اصلی و تخصصی نظری', 'حسابداری پیشرفته(1)', 51610),
(3, 0, 3, 'اصلی و تخصصی نظری', 'حسابداری پیشرفته(2)', 51611),
(2, 0, 2, 'اصلی و تخصصی نظری', 'مباحث جاری در حسابداری', 51612),
(3, 0, 3, 'اصلی و تخصصی نظری', 'مدیریت مالی 2', 51614),
(3, 1, 2, 'نظری عملی', 'حسابداری دولتی(2)', 51615),
(3, 1, 2, 'نظری عملی', 'حسابرسی(2)', 51616),
(3, 3, 0, 'پروژه', 'پروژه مالی(2)', 51617),
(2, 0, 2, 'اصلی و تخصصی نظری', 'زبان تخصصی(2)', 51618),
(3, 0, 3, 'پایه نظری', 'برنامه ریزی و توسعه', 51621),
(3, 0, 3, 'اصلی و تخصصی نظری', 'ماشین های الکتریکی 3', 51701),
(2, 0, 2, 'اصلی و تخصصی نظری', 'ماشین های مخصوص', 51702),
(3, 0, 3, 'اصلی و تخصصی نظری', 'بررسی سیستم های قدرت 2', 51703),
(1, 1, 0, 'آزمایشگاهی یاعملی 3 ساعته', 'آزمایشگاه بررسی سیستم های قدرت ', 51704),
(2, 1, 1, 'نظری عملی', 'برنامه نویسی کامپیوتر', 51705),
(3, 0, 3, 'اصلی و تخصصی نظری', 'عایق ها و فشار قوی', 51706),
(3, 0, 3, 'اختیاری تخصصی', 'طراحی خطوط انتقال انرژی و پروژه', 51707),
(1, 1, 0, 'آزمایشگاهی یاعملی 2 ساعته', 'آزمایشگاه ماشینهای الکتریکی', 51708),
(3, 0, 3, 'اصلی و تخصصی نظری', 'تاسیسات الکتریکی و پروژه', 51709),
(3, 0, 3, 'جبرانی تخصصی', 'حفاظت سیتم های قدرت ', 51710),
(3, 0, 3, 'جبرانی تخصصی', 'تجهیزات پست', 51711),
(4, 3, 1, 'نظری عملی', 'طراحی معماری2', 51802),
(2, 0, 2, 'اصلی و تخصصی نظری', 'آشنائی با معماری اسلامی 2', 51803),
(2, 1, 1, 'نظری عملی', 'عناصر و جزئیات ساختمانی 2', 51804),
(2, 1, 1, 'نظری عملی', 'شناخت و طراحی معماری روستا', 51805),
(3, 2, 1, 'نظری عملی', 'کاربرد نرم افزارهای ترسیمی', 51806),
(2, 0, 2, 'اصلی و تخصصی نظری', 'مبانی نظری معماری', 51807),
(2, 0, 2, 'اصلی و تخصصی نظری', 'سازه های فلزی', 51808),
(2, 0, 2, 'اصلی و تخصصی نظری', 'روش های طراحی و تولید صنعتی', 51809),
(2, 0, 2, 'اصلی و تخصصی نظری', 'تنظیم شرایط محیطی(2)', 51810),
(2, 1, 1, 'نظری عملی', 'تاسیسات مکانیکی و الکتریکی', 51811),
(4, 3, 1, 'نظری عملی', 'طراحی معماری(3)', 51812),
(4, 3, 1, 'نظری عملی', 'طراحی معماری(4)', 51813),
(4, 3, 1, 'نظری عملی', 'طراحی معماری(5)', 51814),
(6, 6, 0, 'پروژه', 'طراحی نهایی(پروژه)', 51815),
(2, 0, 2, 'اختیاری تخصصی', 'معماری جهان اسلام', 51816),
(2, 0, 2, 'اصلی و تخصصی نظری', 'طراحی معماری و شهرسازی', 51903),
(3, 0, 3, 'اصلی و تخصصی نظری', 'مکانیک خاک و مهندسی پی ', 51906),
(2, 0, 2, 'اصلی و تخصصی نظری', 'تحلیل سازه ها(1)', 51907),
(2, 0, 2, 'اصلی و تخصصی نظری', 'تحلیل سازه ها(2)', 51908),
(3, 0, 3, 'اصلی و تخصصی نظری', 'اصول مهندسی باد و زلزله', 51909),
(3, 0, 3, 'اصلی و تخصصی نظری', 'سازه های بتن ارمه(1)', 51910),
(2, 0, 2, 'اصلی و تخصصی نظری', 'سازه های بتن ارمه(2)', 51911),
(1, 1, 0, 'پروژه', 'پروژه بتن ارمه', 51912),
(3, 0, 3, 'اصلی و تخصصی نظری', 'سازه های فولادی(1)', 51913),
(2, 0, 2, 'اصلی و تخصصی نظری', 'سازه های فولادی(2)', 51914),
(1, 1, 0, 'پروژه', 'پروژه سازه های فولادی', 51915),
(3, 0, 3, 'اصلی و تخصصی نظری', 'مکانیک سیالات و هیدرولیک', 51916),
(2, 0, 2, 'اصلی و تخصصی نظری', 'روسازی راه', 51917),
(1, 1, 0, 'پروژه', 'پروژه راه', 51918),
(2, 0, 2, 'اصلی و تخصصی نظری', 'اصول مدیریت ساخت', 51919),
(2, 0, 2, 'اصلی و تخصصی نظری', 'راهسازی', 51920),
(2, 0, 2, 'جبرانی تخصصی', 'مهندسی آب و فاضلاب', 51921),
(2, 0, 2, 'اختیاری تخصصی', 'اصول مهندسی تصفیه آب وفاضلاب', 51922),
(1, 1, 0, 'پروژه', 'پروژه آب وفاضلاب', 51923),
(2, 0, 2, 'اختیاری تخصصی', 'تاسیسات مکانیکی و برقی', 51924),
(1, 0, 1, 'اختیاری تخصصی', 'بارگذاری', 51925),
(2, 0, 2, 'اختیاری تخصصی', 'ترمیم ساختمان ها', 51926),
(2, 0, 2, 'اختیاری تخصصی', 'پل سازی', 51927),
(3, 0, 3, 'پایه نظری', 'ریاضی عمومی', 52201),
(3, 0, 3, 'پایه نظری', 'برنامه سازی رایانه ای', 52202),
(2, 0, 2, 'پایه نظری', 'محاسبات عددی', 52203),
(3, 0, 3, 'پایه نظری', 'معادلات دیفرانسیل', 52204),
(2, 0, 2, 'پایه نظری', 'زبان خارجه', 52205),
(3, 0, 3, 'اصلی و تخصصی نظری', 'سیستمهای کنترل خطی', 52301),
(1, 1, 0, 'آزمایشگاهی یاعملی 3 ساعته', 'آزمایشگاه سیستمهای کنترل خطی', 52302),
(2, 0, 2, 'اصلی و تخصصی نظری', 'خطوط انتقال مخابراتی', 52303),
(3, 0, 3, 'اصلی و تخصصی نظری', 'الکترونیک صنعتی', 52304),
(2, 0, 2, 'اصلی و تخصصی نظری', 'نرم افزار های کاربردی در الکترونیک', 52305),
(3, 0, 3, 'اصلی و تخصصی نظری', 'اصول میکرو کامپیوتر ', 52306),
(1, 1, 0, 'آزمایشگاهی یاعملی 3 ساعته', 'آزمایشگاه اصول میکرو کامپیوتر', 52307),
(3, 0, 3, 'اصلی و تخصصی نظری', 'مدارهای الکتریکی', 52308),
(1, 1, 0, 'آزمایشگاهی یاعملی 3 ساعته', 'آزمایشگاه مدارهای الکتریکی', 52309),
(3, 0, 3, 'اصلی و تخصصی نظری', 'مدارهای الکترونیکی', 52401),
(1, 1, 0, 'آزمایشگاهی یاعملی 3 ساعته', 'آزمایشگاه مدارهای الکترونیکی', 52402),
(3, 0, 3, 'اصلی و تخصصی نظری', 'مدارهای مخابراتی', 52403),
(1, 1, 0, 'آزمایشگاهی یاعملی 3 ساعته', 'آزمایشگاه مدارهای مخابراتی ', 52404),
(3, 0, 3, 'اختیاری تخصصی', 'کنترل کننده های صنعتی', 52405),
(2, 0, 2, 'اصلی و تخصصی نظری', 'منابع تغذیه', 52406),
(2, 0, 2, 'اصلی و تخصصی نظری', 'مدارهای مجتمع خطی', 52407),
(1, 1, 0, 'آزمایشگاهی یاعملی 3 ساعته', 'آزمایشگاه مدارهای مجتمع خطی', 52408),
(3, 0, 3, 'اصلی و تخصصی نظری', 'مباحث ویژه در الکترونیک', 52409),
(2, 0, 2, 'اصلی و تخصصی نظری', 'شبکه های کامپیوتری', 52410),
(2, 0, 2, 'اصلی و تخصصی نظری', 'زبان تخصصی', 52411),
(3, 3, 0, 'کارآموزی', 'کارآموزی', 52412),
(3, 3, 0, 'پروژه', 'پروژه', 52413),
(3, 0, 3, 'جبرانی تخصصی', 'فیزیک الکتریسیته و مغناطیس', 52501),
(2, 0, 2, 'اصلی و تخصصی نظری', 'اصول مدارهای دیجیتال', 52502),
(3, 0, 3, 'اصلی و تخصصی نظری', 'تحلیل مدارهای الکتریکی', 52503),
(3, 0, 3, 'اصلی و تخصصی نظری', 'مدارهای مخابراتی', 52504),
(3, 0, 3, 'اصلی و تخصصی نظری', 'تحلیل مدارهای الکترونیکی', 52505),
(3, 0, 3, 'اصلی و تخصصی نظری', 'تجزیه و تحلیل سیگنالها و سیستم ها', 52506),
(3, 0, 3, 'اصلی و تخصصی نظری', 'الکترونیک دیجیتال', 53101),
(3, 0, 3, 'اصلی و تخصصی نظری', 'سیگنال ها و سیستم ها ', 53102),
(3, 0, 3, 'اصلی و تخصصی نظری', 'طراحی سیستمهای VLSI', 53103),
(3, 0, 3, 'اصلی و تخصصی نظری', 'طراحی مدارهای واسطه ', 53104),
(1, 1, 0, 'آزمایشگاهی یاعملی 3 ساعته', 'آز مدارهای واسطه', 53105),
(1, 1, 0, 'آزمایشگاهی یاعملی 3 ساعته', 'آز الکترونیک دیجیتال ', 53106),
(2, 2, 0, 'آزمایشگاهی یاعملی 3 ساعته', 'نرم افزارهای کاربردی', 53107),
(1, 1, 0, 'کارآموزی', 'کارآموزی 1', 53108),
(2, 2, 0, 'کارآموزی', 'کارآموزی 2', 53109),
(3, 1, 2, 'جبرانی تخصصی', 'اصول مدارهای جانبی و آز ', 53110),
(2, 0, 2, 'اصلی و تخصصی نظری', 'ساختار کامپیوتر و دستگاههای جانبی ', 54101),
(1, 1, 0, 'آزمایشگاهی یاعملی 3 ساعته', 'کارگاه ساختار کامپیوتر و دستگاههای جانبی ', 54102),
(3, 1, 2, 'نظری عملی', 'پایگاه داده ها و سیستم های اطلاعاتی ', 54103),
(1, 1, 0, 'آزمایشگاهی یاعملی 3 ساعته', 'کارگاه طراحی صفحات وب ', 54104),
(3, 0, 3, 'اصلی و تخصصی نظری', 'مخابرات دیجیتال ', 54105),
(1, 1, 0, 'آزمایشگاهی یاعملی 3 ساعته', 'کارگاه مخابرات دیجیتال ', 54106),
(2, 0, 2, 'اصلی و تخصصی نظری', 'شبکه انتقال داده ها ', 54107),
(1, 1, 0, 'آزمایشگاهی یاعملی 3 ساعته', 'کارگاه شبکه انتقال داده ها ', 54108),
(2, 0, 2, 'اصلی و تخصصی نظری', 'شبکه های NGN', 54109),
(2, 1, 1, 'نظری عملی', 'امنیت اطلاعات ', 54110),
(3, 0, 3, 'اصلی و تخصصی نظری', 'سیستمهای مخابرات سیار ', 54111),
(1, 1, 0, 'آزمایشگاهی یاعملی 3 ساعته', 'کارگاه سیستمهای مخابرات سیار ', 54112),
(3, 0, 3, 'اصلی و تخصصی نظری', 'سیستمهای مخابرات نوری', 54113),
(1, 1, 0, 'آزمایشگاهی یاعملی 3 ساعته', 'کارگاه سیستمهای مخابرات نوری ', 54114),
(3, 1, 2, 'نظری عملی', 'سیستمهای مخابرات ماهواره ای ', 54115),
(2, 0, 2, 'اصلی و تخصصی نظری', 'اقتصاد در مهندسی ICT', 54116),
(2, 0, 2, 'اختیاری تخصصی', 'کاربردهای ICT', 54117),
(2, 0, 2, 'اصلی و تخصصی نظری', 'تجزیه و تحلیل سیستم ها', 54118),
(2, 0, 2, 'جبرانی تخصصی', 'ذخیره و بازیابی اطلاعات ', 54119),
(2, 0, 2, 'جبرانی تخصصی', 'فیزیک موج ، ارتعاش و نور', 54120),
(1, 1, 0, 'آزمایشگاهی یاعملی 3 ساعته', 'آزفیزیک موج ، ارتعاش و نور ', 54121),
(3, 1, 2, 'جبرانی تخصصی', 'فناوری اطلاعات 1', 54122),
(2, 1, 1, 'اختیاری تخصصی', 'محیطهای چند رسانه ای ', 54124),
(2, 0, 2, 'اختیاری تخصصی', 'سیستم های اطلاعات مدیریت ', 54125),
(2, 0, 2, 'اختیاری تخصصی', 'شبکه مدیریت مخابراتی ', 54126),
(1, 1, 0, 'آزمایشگاهی یاعملی 3 ساعته', 'کارگاه شبکه مدیریت مخابراتی', 54127),
(1, 1, 0, 'آزمایشگاهی یاعملی 3 ساعته', 'کارگاه سیستم های اطلاعات مدیریت ', 54128),
(2, 2, 0, 'آزمایشگاهی یاعملی 3 ساعته', 'کارگاه محیط های چند رسانه ای', 54129),
(2, 0, 2, 'جبرانی تخصصی', 'زبان تخصصی ICT', 54130),
(3, 1, 2, 'نظری عملی', 'سیستمهای انتقال شهری و راه دور ', 56101),
(1, 1, 0, 'آزمایشگاهی یاعملی 2 ساعته', 'آز سیستمهای انتقال', 56102),
(2, 0, 2, 'اصلی و تخصصی نظری', 'مخابرات ماهواره ای و کاربرد آن در ایران ', 56103),
(3, 0, 3, 'اصلی و تخصصی نظری', 'میدانها و امواج ', 56104),
(3, 0, 3, 'اصلی و تخصصی نظری', 'اصول قطعات مایکروویو در شبکه های مخابراتی', 56105),
(1, 1, 0, 'آزمایشگاهی یاعملی 2 ساعته', 'آز مایکروویو و آنتن', 56106),
(2, 0, 2, 'اصلی و تخصصی نظری', 'مشخصات کاربردی فیبر نوری در شبکه ها ', 56107),
(3, 1, 2, 'نظری عملی', 'طراحی و مهندسی شبکه های انتقال ', 56108),
(3, 0, 3, 'اصلی و تخصصی نظری', 'شبکه های انتقال داده ها در ایران ', 56109),
(1, 1, 0, 'آزمایشگاهی یاعملی 2 ساعته', 'آز شبکه های انتقال داده ها ', 56110),
(3, 0, 3, 'اصلی و تخصصی نظری', 'سیستمهای انتقال دیجیتال شهری و راه دور', 56111),
(3, 0, 3, 'اصلی و تخصصی نظری', 'سیستمهای رادیوئی متحرک ', 56112),
(3, 3, 0, 'پروژه', 'پروژه', 56113),
(2, 2, 0, 'کارآموزی', 'کارآموزی1 ', 56114),
(2, 2, 0, 'کارآموزی', 'کارآموزی2', 56115),
(0, 0, 0, 'کارآموزی', 'کارآموزی مقدماتی', 56116),
(3, 0, 3, 'اختیاری تخصصی', 'فیلتر و سنتز مدار', 56117),
(3, 0, 3, 'اختیاری تخصصی', 'شبکه های مخابرات ماهواره ای پیشرفته ', 56118),
(3, 0, 3, 'اختیاری تخصصی', 'آنتن و انواع آن', 56119),
(3, 0, 3, 'اختیاری تخصصی', 'مدارهای مایکروویو', 56120),
(3, 0, 3, 'اختیاری تخصصی', 'مباحث ویژه کاربردی در مخابرات', 56121),
(3, 0, 3, 'اختیاری تخصصی', 'مدیریت شبکه های مخابراتی', 56122),
(3, 0, 3, 'اختیاری تخصصی', 'اقتصاد در مخابرات', 56123),
(3, 0, 3, 'اختیاری تخصصی', 'تکنولوژی اجزاء نوری در مخابرات ', 56124),
(3, 0, 3, 'اختیاری تخصصی', 'ریزپردازنده و کاربرد آن در مخابرات', 56125),
(1, 1, 0, 'آزمایشگاه  اختیاری تخصصی', 'آز- ریزپردازنده ها', 56126),
(3, 0, 3, 'اختیاری تخصصی', 'پردازش دیجیتالی سیگنالها', 56127),
(2, 0, 2, 'اختیاری تخصصی', 'سویچینگ 1', 56128),
(1, 1, 0, 'آزمایشگاه  اختیاری تخصصی', 'آز- سوئیچینگ 1', 56129),
(4, 1, 3, 'نظری عملی', 'محاسبات عددی و برنامه سازی پیشرفته', 56130),
(1, 1, 0, 'آزمایشگاهی یاعملی 2 ساعته', 'آز-مخابرات', 56131),
(2, 0, 2, 'اصلی و تخصصی نظری', 'اصول کاربرد مخابرات نوری در شبکه ', 56132),
(1, 1, 0, 'آزمایشگاهی یاعملی 2 ساعته', 'آز- مخابرات نوری', 56133),
(3, 1, 2, 'نظری عملی', 'سازمان کامپیوتر و کاربرد آن در سیستمهای مخابراتی', 56134),
(1, 1, 0, 'آزمایشگاهی یاعملی 3 ساعته', 'کارگاه الکترونیک', 56135),
(2, 1, 1, 'نظری عملی', 'زبان تخصصی در سیستمهای انتقال ', 56136),
(1, 1, 0, 'آزمایشگاهی یاعملی 3 ساعته', 'کارگاه مخابرات', 56137),
(4, 0, 4, 'جبرانی تخصصی', 'تکنولوژی الکترونیک', 56138),
(4, 0, 4, 'جبرانی تخصصی', 'مقدمه ای بر آنتن و انتشار امواج ', 56139),
(3, 0, 3, 'پایه نظری', 'ریاضی ( 1)', 61201),
(3, 0, 3, 'پایه نظری', 'ریاضی ( 2 )', 61202),
(3, 0, 3, 'پایه نظری', 'معادلات دیفرانسیل', 61203),
(3, 0, 3, 'پایه نظری', 'آمار و احتمالات کاربردی', 61204),
(3, 0, 3, 'پایه نظری', 'فیزیک ( 1 )', 61205),
(3, 0, 3, 'پایه نظری', 'فیزیک ( 2 )', 61206),
(1, 1, 0, 'آزمایشگاهی یاعملی 2 ساعته', 'آزمایشگاه فیزیک ( 1 )', 61207),
(1, 1, 0, 'آزمایشگاهی یاعملی 2 ساعته', 'آزمایشگاه فیزیک ( 2 )', 61208),
(1, 1, 0, 'آزمایشگاهی یاعملی 3 ساعته', 'کارگاه عمومی', 61209),
(3, 0, 3, 'اصلی و تخصصی نظری', 'ریاضیات گسسته', 61301),
(3, 0, 3, 'جبرانی تخصصی', 'مبانی کامپیوتر و برنامه سازی', 61302),
(3, 2, 1, 'نظری عملی', 'ساختمان داده ها ', 61303),
(3, 0, 3, 'اصلی و تخصصی نظری', 'مدارهای منطقی', 61304),
(3, 0, 3, 'اصلی و تخصصی نظری', 'معماری کامپیوتر', 61305),
(3, 2, 1, 'نظری عملی', 'برنامه سازی پیشرفته', 61306),
(3, 0, 3, 'اصلی و تخصصی نظری', 'سیستم های عامل', 61307),
(3, 0, 3, 'اصلی و تخصصی نظری', 'نظریه زبانها و ماشین ها ', 61308),
(3, 0, 3, 'اصلی و تخصصی نظری', 'اصول طراحی و پایگاه داده ها', 61309),
(3, 0, 3, 'اصلی و تخصصی نظری', 'طراحی الگوریتم', 61310),
(3, 0, 3, 'اصلی و تخصصی نظری', 'مهندسی نرم افزار ( 1 )', 61311),
(3, 0, 3, 'اصلی و تخصصی نظری', 'مهندسی نرم افزار ( 2 )', 61312),
(3, 0, 3, 'اصلی و تخصصی نظری', 'شبکه های کامپیوتری ( 1 )', 61313),
(3, 0, 3, 'اصلی و تخصصی نظری', 'شبکه های کامپیوتری ( 2 )', 61314),
(3, 0, 3, 'اصلی و تخصصی نظری', 'مبانی الکترونیک دیجیتال', 61315),
(3, 0, 3, 'اصلی و تخصصی نظری', 'هوش مصنوعی', 61316),
(3, 0, 3, 'اصلی و تخصصی نظری', 'اقتصاد مهندسی', 61317),
(3, 0, 3, 'اصلی و تخصصی نظری', 'اصول و مبانی مدیریت', 61318),
(1, 1, 0, 'آزمایشگاهی یاعملی 3 ساعته', 'آزمایشگاه شبکه', 61319),
(1, 1, 0, 'آزمایشگاهی یاعملی 2 ساعته', 'آزمایشگاه پایگاه داده ها ', 61320),
(2, 0, 2, 'اصلی و تخصصی نظری', 'ارائه مطالب علمی و فنی', 61321),
(2, 0, 2, 'اصلی و تخصصی نظری', 'زبان تخصصی ', 61322),
(1, 1, 0, 'آزمایشگاهی یاعملی 3 ساعته', 'آزمایشگاه سیستم عامل', 61323),
(3, 0, 3, 'اصلی و تخصصی نظری', 'مبانی فناوری اطلاعات', 61401),
(3, 0, 3, 'اصلی و تخصصی نظری', 'مهندسی فناوری اطلاعات ( 1 )', 61402),
(2, 0, 2, 'اصلی و تخصصی نظری', 'تجارت الکترونیکی', 61403),
(3, 0, 3, 'اصلی و تخصصی نظری', 'مدیریت و کنترل پروژه های فناوری اطلاعات', 61405),
(3, 0, 3, 'اصلی و تخصصی نظری', 'مدیریت استراتژیک فناوری اطلاعات', 61406),
(3, 0, 3, 'اصلی و تخصصی نظری', 'مهندسی فناوری اطلاعات ( 2 ) ', 61407),
(3, 0, 3, 'اصلی و تخصصی نظری', 'تحقیق در عملیات ', 61408),
(3, 0, 3, 'اصلی و تخصصی نظری', 'گرافیک کامپیوتری', 61409),
(3, 0, 3, 'اصلی و تخصصی نظری', 'سیستمهای چند رسانه ای ', 61410),
(3, 3, 0, 'پروژه', 'پروژه فناوری اطلاعات', 61411),
(0, 0, 0, 'کارآموزی', 'کارآموزی', 61412),
(3, 0, 3, 'اختیاری تخصصی', 'پایگاه داده پیشرفته ', 61413),
(3, 0, 3, 'اختیاری تخصصی', 'مدیریت نگهداری اطلاعات در فناوری اطلاعات', 61501),
(3, 0, 3, 'اختیاری تخصصی', 'سیستم های خبره و تصمیم یار', 61502),
(3, 0, 3, 'اختیاری تخصصی', 'تعامل انسان و کامپیوتر', 61504),
(3, 0, 3, 'اختیاری تخصصی', 'مباحث نو در فناوری اطلاعات', 61505),
(3, 0, 3, 'اختیاری تخصصی', 'سیستم اطلاعات جغرافیائی ( GIS )', 61506),
(3, 0, 3, 'اختیاری تخصصی', 'شبیه سازی کامپیوتری ', 61507),
(3, 0, 3, 'اختیاری تخصصی', 'طراحی و پیاده سازی کتابخانه الکترونیکی', 61508),
(3, 0, 3, 'اختیاری تخصصی', 'بهینه سازی کاربردی', 61509),
(3, 0, 3, 'اختیاری تخصصی', 'نرم افزارهای توزیع شده ', 61510),
(3, 0, 3, 'اختیاری تخصصی', 'شیی گرائی (یک درس از گروههای دیگر)', 61511),
(3, 0, 3, 'اختیاری تخصصی', ' دروس کارشناسی ارشد (امنیت شبکه های کامپیوتری)', 61512),
(3, 0, 3, 'اختیاری تخصصی', 'سیستم های خبره', 61513),
(3, 0, 3, 'اصلی و تخصصی نظری', 'مدارهای الکتریکی 1', 61801),
(3, 0, 3, 'اصلی و تخصصی نظری', 'مدارهای الکتریکی 2', 61802),
(3, 0, 3, 'اصلی و تخصصی نظری', 'اندازه گیری الکتریکی', 61803),
(1, 1, 0, 'آزمایشگاهی یاعملی 3 ساعته', 'آزمایشگاه اندازه گیری و مدار1', 61804),
(3, 0, 3, 'اصلی و تخصصی نظری', 'الکترونیک2', 61805),
(3, 0, 3, 'اصلی و تخصصی نظری', 'ماشین های الکتریکی 1', 61806),
(3, 0, 3, 'اصلی و تخصصی نظری', 'ماشین های الکتریکی2', 61807),
(1, 1, 0, 'آزمایشگاهی یاعملی 3 ساعته', 'آزمایشگاه ماشینهای الکتریکی1', 61808),
(3, 0, 3, 'اصلی و تخصصی نظری', 'بررسی سیستمهای قدرت 1', 61809),
(3, 0, 3, 'اصلی و تخصصی نظری', 'مخابرات 1', 61810),
(3, 0, 3, 'اصلی و تخصصی نظری', 'فیزیک الکترونیک', 61812),
(3, 0, 3, 'اصلی و تخصصی نظری', 'الکترونیک3', 61813),
(1, 1, 0, 'آزمایشگاهی یاعملی 3 ساعته', 'آزمایشگاه الکترونیک ', 61814),
(3, 0, 3, 'اصلی و تخصصی نظری', 'تکنیک پالس', 61815),
(1, 1, 0, 'آزمایشگاهی یاعملی 3 ساعته', 'آزمایشگاه میکروپروسسورها', 61816),
(3, 0, 3, 'اختیاری تخصصی', 'تاسیسات الکتریکی', 61817),
(2, 0, 2, 'اختیاری تخصصی', 'گزارش نویسی فنی', 61818),
(3, 0, 3, 'اصلی و تخصصی نظری', 'الکترومغناطیس', 61819),
(1, 1, 0, 'آزمایشگاهی یاعملی 3 ساعته', 'نقشه کشی صنعتی', 61820),
(1, 0, 1, 'اصلی و تخصصی نظری', 'بهداشت عمومی', 62001),
(3, 0, 3, 'اصلی و تخصصی نظری', 'استاتیک و مقاومت مصالح در مهندسی پزشکی', 62002),
(3, 0, 3, 'پایه نظری', 'آمار حیاتی و احتمالات', 62003),
(2, 0, 2, 'اصلی و تخصصی نظری', 'فیزیولوژی', 62004),
(1, 1, 0, 'آزمایشگاهی یاعملی 2 ساعته', 'آزمایشگاه فیزیولوژی', 62005),
(2, 0, 2, 'اصلی و تخصصی نظری', 'آناتومی', 62006),
(2, 0, 2, 'اصلی و تخصصی نظری', 'زبان تخصصی مهندسی پزشکی', 62007),
(3, 0, 3, 'اصلی و تخصصی نظری', 'فیزیک پزشکی', 62008),
(3, 0, 3, 'اصلی و تخصصی نظری', 'اصول توانبخشی ووسایل و دستگاهها', 62009),
(3, 0, 3, 'پایه نظری', 'محاسبات عددی', 62010),
(3, 0, 3, 'اصلی و تخصصی نظری', 'مقدمه ای بر مهندسی پزشکی زیستی', 62011),
(3, 0, 3, 'اصلی و تخصصی نظری', 'اندازه گیری الکترونیکی', 62012),
(4, 0, 4, 'اصلی و تخصصی نظری', 'ماشینهای الکتریکی مستقیم و متناوب', 62013),
(2, 0, 2, 'عمومی', 'زیست شناسی', 62014),
(3, 0, 3, 'اصلی و تخصصی نظری', 'تجهیزات عمومی بیمارستانها و کلینیک های پزشکی', 62015),
(3, 0, 3, 'اصلی و تخصصی نظری', 'اصول سیستمهای رادیولوژی و رادیوتراپی', 62016),
(2, 0, 2, 'اصلی و تخصصی نظری', 'بیوفیزیک', 62017),
(2, 0, 2, 'اصلی و تخصصی نظری', 'حفاظت الکتریکی در سیستم های بیمارستانی', 62018),
(3, 0, 3, 'اصلی و تخصصی نظری', 'مقدمه ای بر هوش محاسباتی و زیستی', 62019),
(2, 0, 2, 'اصلی و تخصصی نظری', 'اصول و کلیات مدیریت خدمات بهداشتی درمانی', 62020),
(3, 0, 3, 'اصلی و تخصصی نظری', 'مخابرات آنالوگ و دیجیتال', 62021),
(1, 1, 0, 'آزمایشگاهی یاعملی 2 ساعته', 'آزمایشگاه مدار1', 62022),
(3, 2, 1, 'نظری عملی', 'هندسه کاربردی', 62101),
(2, 2, 0, 'آزمایشگاهی یاعملی 3 ساعته', 'کارگاه مصالح و ساخت', 62102),
(3, 2, 1, 'نظری عملی', 'درک و بیان محیط', 62103),
(2, 1, 1, 'نظری عملی', 'بیان معماری(1)', 62104),
(2, 1, 1, 'نظری عملی', 'بیان معماری(2)', 62105),
(2, 1, 1, 'نظری عملی', 'هندسه مناظر و مرایا', 62106),
(3, 0, 3, 'پایه نظری', 'ریاضیات و آمار', 62107),
(2, 1, 1, 'نظری عملی', 'انسان،طبیعت،معماری', 62108),
(5, 4, 1, 'نظری عملی', 'مقدمات طراحی معماری (1)', 62109),
(5, 4, 1, 'نظری عملی', 'مقدمات طراحی معماری(2)', 62110),
(2, 1, 1, 'نظری عملی اختیاری تخصصی', 'کاربرد کامپیوتر در معماری', 62112),
(2, 1, 1, 'اختیاری تخصصی', 'روش تحقیق', 62113),
(3, 0, 3, 'اصلی و تخصصی نظری', 'مبانی نظری معماری', 62120),
(2, 0, 2, 'اصلی و تخصصی نظری', 'آشنائی با معماری جهان', 62121),
(3, 3, 0, 'آزمایشگاهی یاعملی 3 ساعته', 'برداشت از بناهای تاریخی', 62122),
(4, 1, 3, 'نظری عملی', 'آشنائی با معماری اسلامی', 62123),
(2, 0, 2, 'اصلی و تخصصی نظری', 'آشنائی با معماری معاصر', 62124),
(2, 1, 1, 'نظری عملی', 'نقشه برداری', 62125),
(2, 0, 2, 'اصلی و تخصصی نظری', 'تنظیم شرایط محیطی', 62126),
(2, 0, 2, 'اصلی و تخصصی نظری', 'تاسیسات الکتریکی(نور وصدا)', 62127),
(2, 0, 2, 'اصلی و تخصصی نظری', 'تاسیسات مکانیکی', 62128),
(2, 0, 2, 'اصلی و تخصصی نظری', 'ایستائی', 62129),
(2, 0, 2, 'اصلی و تخصصی نظری', 'مقاومت مصالح و سازه های فلزی', 62130);
INSERT INTO `course` (`unit`, `unit_p`, `unit_t`, `type`, `cname`, `cid`) VALUES
(2, 0, 2, 'اصلی و تخصصی نظری', 'سازه های بتنی', 62131),
(2, 1, 1, 'نظری عملی', 'متره و برآورد', 62132),
(2, 1, 1, 'نظری عملی', 'مدیریت و تشکیلات کارگاه ', 62133),
(2, 1, 1, 'نظری عملی', 'مصالح ساختمانی', 62134),
(2, 0, 2, 'اصلی و تخصصی نظری', 'ساختمان (1)', 62135),
(3, 1, 2, 'نظری عملی', 'ساختمان(2)وگزارش کارگاه', 62136),
(3, 2, 1, 'نظری عملی', 'روستا(1)', 62137),
(3, 2, 1, 'نظری عملی', 'روستا(2)', 62138),
(5, 4, 1, 'نظری عملی', 'طرح معماری(1)', 62139),
(5, 4, 1, 'نظری عملی', 'طرح معماری(2)', 62140),
(5, 4, 1, 'نظری عملی', 'طرح معماری (3)', 62141),
(2, 1, 1, 'نظری عملی', 'آشنائی با مبانی برنامه ریزی کالبدی', 62151),
(3, 2, 1, 'نظری عملی', 'تحلیل فضاهای شهری', 62152),
(3, 1, 2, 'نظری عملی', 'آشنائی با مرمت ابنیه', 62153),
(5, 4, 1, 'نظری عملی', 'طرح معماری(4)', 62154),
(5, 4, 1, 'نظری عملی', 'طرح معماری(5)', 62155),
(3, 2, 1, 'نظری عملی', 'طراحی فنی                                         ', 62156),
(6, 6, 0, 'پروژه', 'طرح نهائی', 62157),
(3, 0, 3, 'اصلی و تخصصی نظری', 'اصول علم اقتصاد 1 ', 62201),
(3, 0, 3, 'پایه نظری', 'مبانی جامعه شناسی', 62202),
(3, 0, 3, 'اصلی و تخصصی نظری', 'مبانی رفتار سازمانی', 62203),
(4, 0, 4, 'اصلی و تخصصی نظری', 'اصول حسابداری 3', 62204),
(3, 0, 3, 'اصلی و تخصصی نظری', 'ریاضیات و کاربرد آن در حسابداری 2', 62205),
(3, 0, 3, 'اصلی و تخصصی نظری', 'اصول علم اقتصاد 2', 62206),
(4, 0, 4, 'اصلی و تخصصی نظری', 'حسابداری میانه 1', 62207),
(3, 0, 3, 'اصلی و تخصصی نظری', 'اصول حسابرسی 1', 62208),
(2, 0, 2, 'اصلی و تخصصی نظری', 'حقوق و مقررات مدنی', 62209),
(4, 0, 4, 'اصلی و تخصصی نظری', 'آمار و کاربرد آن در حسابداری', 62210),
(4, 0, 4, 'اصلی و تخصصی نظری', 'حسابداری میانه 2', 62211),
(3, 0, 3, 'اصلی و تخصصی نظری', 'اصول حسابرسی 2', 62212),
(3, 0, 3, 'اصلی و تخصصی نظری', 'مدیریت مالی 1', 62213),
(3, 0, 3, 'اصلی و تخصصی نظری', 'مبانی و کابرد رایانه در حسابداری 1', 62214),
(2, 0, 2, 'اصلی و تخصصی نظری', 'حقوق کار و تامین اجتماعی ', 62215),
(3, 0, 3, 'اصلی و تخصصی نظری', 'مدیریت تولید و عملیات ', 62216),
(3, 0, 3, 'اصلی و تخصصی نظری', 'روش های تحقیق و ماخذشناسی', 62217),
(4, 0, 4, 'اصلی و تخصصی نظری', 'حسابداری و حسابرسی دولتی', 62218),
(3, 0, 3, 'اختیاری تخصصی', 'حسابداری تسهیلات مالی و اعتبارات اسنادی', 62219),
(3, 0, 3, 'اصلی و تخصصی نظری', 'مالیه عمومی و خط مشی مالی دولتها', 62220),
(4, 0, 4, 'اصلی و تخصصی نظری', 'اصول حسابداری1', 62221),
(4, 0, 4, 'اصلی و تخصصی نظری', 'اصول حسابداری 2', 62222),
(3, 0, 3, 'اصلی و تخصصی نظری', 'ریاضیات و کاربرد آن در حسابداری1', 62223),
(2, 0, 2, 'اصلی و تخصصی نظری', 'زبان تخصصی 1', 62224),
(3, 0, 3, 'اصلی و تخصصی نظری', 'پژوهش عملیاتی 1', 62225),
(3, 0, 3, 'اصلی و تخصصی نظری', 'اصول تنظیم و کنترل بودجه', 62226),
(3, 0, 3, 'اصلی و تخصصی نظری', 'پژوهش عملیاتی 2', 62227),
(3, 2, 1, 'نظری عملی', 'مبانی طراحی 1', 62301),
(2, 0, 2, 'پایه نظری', 'درآمدی بر شهرشناسی', 62302),
(2, 0, 2, 'پایه نظری', 'هندسه احجام و پرسپکتیو', 62303),
(3, 2, 1, 'نظری عملی', 'مبانی طراحی(2)', 62304),
(2, 0, 2, 'پایه نظری', 'آمار در شهرسازی', 62305),
(2, 0, 2, 'اصلی و تخصصی نظری', 'جامعه شناسی شهری', 62306),
(2, 0, 2, 'اصلی و تخصصی نظری', 'جغرافیای شهری', 62307),
(2, 0, 2, 'اصلی و تخصصی نظری', 'اقتصاد شهری', 62308),
(2, 0, 2, 'پایه نظری', 'ریاضیات(1)', 62309),
(5, 4, 1, 'نظری عملی', 'طرح شهرسازی(1)', 62310),
(4, 0, 4, 'اصلی و تخصصی نظری', 'مبانی و روشهای برنامه ریزی شهری', 62311),
(4, 2, 2, 'پایه نظری', 'کاربرد نقشه برداری در شهرسازی', 62312),
(2, 0, 2, 'اصلی و تخصصی نظری', 'تاریخ شهر و شهرسازی در جهان', 62313),
(2, 0, 2, 'پایه نظری', 'ریاضیات(2)', 62314),
(5, 4, 1, 'نظری عملی', 'طرح شهرسازی(2)', 62315),
(2, 0, 2, 'اختیاری تخصصی', 'تاریخ معماری معاصر', 62316),
(2, 1, 1, 'نظری عملی', 'GIS', 62317),
(2, 0, 2, 'اصلی و تخصصی نظری', 'تاریخ شهر و شهرسازی در ایران', 62318),
(2, 0, 2, 'اختیاری تخصصی', 'مبانی مهندسی معماری و ساختمان', 62319),
(5, 4, 1, 'نظری عملی', 'طرح شهرسازی(3)', 62320),
(4, 2, 2, 'نظری عملی', 'شناخت فضاهای شهری', 62321),
(2, 0, 2, 'اصلی و تخصصی نظری', 'مدلهای کمی در شهرسازی', 62322),
(2, 0, 2, 'اصلی و تخصصی نظری', 'مسکن', 62323),
(2, 0, 2, 'اختیاری تخصصی', 'بوم شناسی و برنامه ریزی و طراحی محیطی', 62324),
(5, 4, 1, 'نظری عملی', 'طرح شهرسازی(4)', 62325),
(4, 0, 4, 'اصلی و تخصصی نظری', 'مبانی و روشهای طراحی شهری', 62326),
(2, 0, 2, 'اصلی و تخصصی نظری', 'برنامه ریزی حمل و نقل', 62327),
(2, 0, 2, 'اصلی و تخصصی نظری', 'برنامه ریزی منطقه ای', 62328),
(2, 0, 2, 'پایه نظری', 'درک و بیان محیط شهری', 62329),
(5, 4, 1, 'نظری عملی', 'طرح شهرسازی 5', 62330),
(2, 1, 1, 'نظری عملی', 'منظرسازی', 62331),
(3, 0, 3, 'اصلی و تخصصی نظری', 'تاسیسات و زیر ساختهای شهری', 62333),
(2, 0, 2, 'اختیاری تخصصی', 'طراحی و کاربرد نظام اطلاعات شهری', 62335),
(6, 6, 0, 'پروژه', 'پروژه نهائی', 62336),
(3, 1, 2, 'نظری عملی', 'روش تحقیق در شهرسازی', 62337),
(2, 0, 2, 'اختیاری تخصصی', 'سمینار مسائل شهری', 62338),
(2, 0, 2, 'اختیاری تخصصی', 'حقوق و قوانین شهری', 62339),
(2, 1, 1, 'اصلی و تخصصی نظری', 'رسم فنی و نقشه کشی ساختمان ', 62401),
(2, 0, 2, 'اصلی و تخصصی نظری', 'زمین شناسی مهندسی', 62402),
(2, 0, 2, 'اصلی و تخصصی نظری', 'تکنولوژی بتن', 62403),
(1, 1, 0, 'آزمایشگاهی یاعملی 2 ساعته', 'آزمایشگاه تکنولوزی بتن', 62404),
(3, 0, 3, 'اصلی و تخصصی نظری', 'مکانیک خاک', 62405),
(1, 1, 0, 'آزمایشگاهی یاعملی 2 ساعته', 'آزمایشگاه مکانیک خاک', 62406),
(2, 0, 2, 'اصلی و تخصصی نظری', 'مهندسی پی', 62407),
(3, 1, 2, 'نظری عملی', 'هیدرولیک و آزمایشگاه', 62408),
(2, 1, 1, 'نظری عملی', 'روش های اجرای ساختمان', 62409),
(1, 1, 0, 'پروژه', 'متره و برآورد پروژه', 62410),
(2, 0, 2, 'اصلی و تخصصی نظری', 'مهندسی محیط زیست', 62411),
(3, 0, 3, 'اختیاری تخصصی', 'مقررات ملی ساختمان', 62412),
(2, 0, 2, 'اختیاری تخصصی', 'زبان تخصصی', 62413),
(2, 0, 2, 'اختیاری تخصصی', 'نرم افزارهای مهندسی عمران', 62414),
(3, 0, 3, 'اختیاری تخصصی', 'مقاومت مصالح2', 62415),
(2, 1, 1, 'نظری عملی اختیاری تخصصی', 'تکنولوژی و بازرسی جوش و کارگاه', 62416),
(3, 0, 3, 'اختیاری تخصصی', 'اصول مهندسی زلزله و باد', 62417),
(2, 0, 2, 'اختیاری تخصصی', 'بازرسی تعمیر و ترمیم سازه ها', 62418),
(2, 0, 2, 'اختیاری تخصصی', 'اصول مهندسی پل', 62419),
(2, 0, 2, 'اختیاری تخصصی', 'سازه های چوبی', 62420),
(3, 1, 2, 'نظری عملی اختیاری تخصصی', 'مهندسی آب و فاضلاب وپروژه', 62421),
(2, 0, 2, 'اختیاری تخصصی', 'اصول مهندسی سد', 62422),
(3, 0, 3, 'اختیاری تخصصی', 'آلودگی هوا و روش های کنترل', 62423),
(2, 0, 2, 'اختیاری تخصصی', 'اصول مهندسی تونل', 62424),
(2, 1, 1, 'اصلی و تخصصی نظری', 'مصالح ساختمانی و آزمایشگاه', 62425),
(3, 0, 3, 'اصلی و تخصصی نظری', 'تحلیل سازه ها(1)', 62426),
(3, 0, 3, 'اصلی و تخصصی نظری', 'تحلیل سازه ها(2)', 62427),
(3, 0, 3, 'اصلی و تخصصی نظری', 'سازه های بتن آرمه(2)', 62428),
(1, 1, 0, 'پروژه', 'پروژه راهسازی', 62429),
(2, 0, 2, 'اختیاری تخصصی', 'هیدرولوژی مهندسی', 62430),
(2, 0, 2, 'اختیاری تخصصی', 'ماشین آلات ساختمانی در راهسازی', 62431),
(2, 1, 1, 'نظری عملی', 'مبانی معماری', 62501),
(3, 2, 1, 'نظری عملی', 'بیان معماری', 62502),
(3, 2, 1, 'نظری عملی', 'حجم شناسی و ماکت سازی ', 62503),
(2, 1, 1, 'نظری عملی', 'مبانی معماری داخلی', 62504),
(2, 1, 1, 'نظری عملی', 'انسان طبیعت و ارگونومی', 62505),
(5, 4, 1, 'نظری عملی', 'مقدمات طراحی معماری داخلی', 62506),
(2, 1, 1, 'نظری عملی', 'عکاسی(1)', 62507),
(2, 1, 1, 'نظری عملی', 'عکاسی(2)', 62508),
(2, 0, 2, 'پایه نظری', 'نمادشناسی', 62509),
(2, 1, 1, 'نظری عملی', 'فرم و فضا', 62510),
(2, 0, 2, 'اصلی و تخصصی نظری', 'آشنایی با تاریخ معماری', 62511),
(2, 0, 2, 'اصلی و تخصصی نظری', 'آشنایی با تاریخ معماری تزیینی(ایران و جهان)', 62512),
(2, 0, 2, 'اصلی و تخصصی نظری', 'آشنایی با معماری تزیینی معاصر(ایران و جهان)', 62513),
(2, 0, 2, 'اصلی و تخصصی نظری', 'تئوری معماری داخلی(حقوقی و اخلاقی)', 62514),
(2, 0, 2, 'اصلی و تخصصی نظری', 'تاریخ مبلمان', 62515),
(2, 1, 1, 'نظری عملی', 'باغ آرایی(ایران و جهان)', 62516),
(2, 1, 1, 'نظری عملی', 'محوطه سازی', 62517),
(2, 0, 2, 'اصلی و تخصصی نظری', 'تنظیم شرایط اقلیمی(تاسیسات مکانیکی)', 62518),
(3, 2, 1, 'نظری عملی', 'بیان معماری داخلی(1)', 62519),
(3, 2, 1, 'نظری عملی', 'بیان معماری داخلی(2)', 62520),
(3, 2, 1, 'نظری عملی', 'طرح معماری(رلوه)', 62521),
(3, 2, 1, 'نظری عملی', 'طرح معماری داخلی(1)', 62522),
(3, 2, 1, 'نظری عملی', 'طرح معماری داخلی(2)', 62523),
(3, 2, 1, 'نظری عملی', 'طرح معماری داخلی(3)', 62524),
(2, 0, 2, 'اصلی و تخصصی نظری', 'اصول فنی ساختمان(1)', 62525),
(2, 0, 2, 'اصلی و تخصصی نظری', 'اصول فنی ساختمان(2)', 62526),
(2, 1, 1, 'نظری عملی', 'طرح تغییر عملکرد معماری داخلی', 62527),
(2, 1, 1, 'نظری عملی', 'مرمت و نگهداری معماری داخلی', 62528),
(2, 1, 1, 'نظری عملی', 'عناصر مدلار و پیش ساخته', 62529),
(2, 0, 2, 'اصلی و تخصصی نظری', 'مقررات معماری داخلی', 62531),
(2, 1, 1, 'نظری عملی', 'گرافیک معماری داخلی', 62532),
(2, 1, 1, 'نظری عملی', 'آشنایی با طراحی صنعتی', 62533),
(2, 1, 1, 'نظری عملی اختیاری تخصصی', 'کاربرد کامپیوتر در طراحی', 62537),
(2, 0, 2, 'اختیاری تخصصی', 'تاریخ هنر جهان', 62538),
(2, 0, 2, 'اختیاری تخصصی', 'تاریخ هنر ایران(قبل و بعد از اسلام)', 62539),
(2, 1, 1, 'نظری عملی', 'انسان،طبیعت،معماری داخلی', 62540),
(5, 4, 1, 'نظری عملی', 'مقدمات طراحی معماری', 62541),
(2, 0, 2, 'اصلی و تخصصی نظری', 'آشنائی با معماری جهان اسلامی', 62542),
(2, 0, 2, 'اصلی و تخصصی نظری', 'تنظیم شرایط محیطی (نور و صدا)', 62543),
(2, 0, 2, 'عمومی', 'اندیشه اسلامی( 1 )', 71101),
(2, 0, 2, 'عمومی', 'متون اسلامی', 71106),
(3, 0, 3, 'عمومی', 'فارسی عمومی', 71107),
(3, 0, 3, 'عمومی', 'زبان عمومی', 71108),
(3, 0, 3, 'اصلی و تخصصی نظری', 'اقتصاد خرد', 71201),
(3, 0, 3, 'اصلی و تخصصی نظری', 'اقتصاد کلان ', 71202),
(3, 0, 3, 'پایه نظری', 'اصول حسابداری (1)', 71203),
(3, 0, 3, 'پایه نظری', 'اصول حسابداری (2)', 71204),
(3, 0, 3, 'پایه نظری', 'روانشناسی صنعتی', 71205),
(3, 0, 3, 'پایه نظری', 'ریاضیات و کاربرد آن در مدیریت 1', 71207),
(3, 0, 3, 'پایه نظری', 'کامپیوتر و کاربرد آن در مدیریت', 71208),
(3, 0, 3, 'پایه نظری', 'آمار و کاربرد آن در مدبریت (1)', 71209),
(3, 0, 3, 'پایه نظری', 'آمار و کاربرد آن در مدیریت (2)', 71210),
(3, 0, 3, 'پایه نظری', 'روش تحقیق', 71211),
(3, 0, 3, 'پایه نظری', 'مبانی مدیریت اسلامی و الگوهای آن', 71212),
(2, 0, 2, 'پایه نظری', 'حقوق اساسی', 71213),
(3, 0, 3, 'پایه نظری', 'مبانی سازمان و مدیریت', 71301),
(3, 0, 3, 'اختیاری تخصصی', 'مدیریت رفتار سازمانی ', 71302),
(3, 0, 3, 'اصلی و تخصصی نظری', 'مدیریت منابع انسانی', 71303),
(3, 0, 3, 'اصلی و تخصصی نظری', 'تحقیق در عملیات (1)', 71304),
(3, 0, 3, 'اصلی و تخصصی نظری', 'تحقیق در عملیات (2)', 71305),
(3, 0, 3, 'اصلی و تخصصی نظری', 'مدیریت مالی', 71306),
(3, 0, 3, 'اصلی و تخصصی نظری', 'حسابداری صنعتی (1)', 71307),
(3, 0, 3, 'اصلی و تخصصی نظری', 'مدیریت تولید', 71308),
(3, 0, 3, 'اصلی و تخصصی نظری', 'بازاریابی و مدیریت بازار', 71309),
(3, 0, 3, 'اصلی و تخصصی نظری', 'حسابداری صنعتی (2)', 71401),
(3, 0, 3, 'اصلی و تخصصی نظری', 'حسابداری صنعتی (3)', 71402),
(3, 0, 3, 'اصلی و تخصصی نظری', 'کنترل کیفیت آماری', 71403),
(3, 0, 3, 'اصلی و تخصصی نظری', 'سیستم های خرید انبارداری و توزیع', 71404),
(3, 0, 3, 'اصلی و تخصصی نظری', 'تحقیق در عملیات (3)', 71405),
(1, 0, 1, 'اصلی و تخصصی نظری', 'زبان تخصصی (1)', 71406),
(1, 0, 1, 'اصلی و تخصصی نظری', 'زبان تخصصی (2)', 71407),
(1, 0, 1, 'اصلی و تخصصی نظری', 'زبان تخصصی (3)', 71408),
(1, 0, 1, 'اصلی و تخصصی نظری', 'زبان تخصصی (4)', 71409),
(2, 0, 2, 'اصلی و تخصصی نظری', 'کنترل پروژه', 71410),
(3, 0, 3, 'اصلی و تخصصی نظری', 'طرح ریزی و تعمیرات و نگهداری', 71411),
(3, 0, 3, 'اصلی و تخصصی نظری', 'کارسنجی و روش سنجی ', 71412),
(3, 0, 3, 'اصلی و تخصصی نظری', 'مدیریت کارخانه ', 71413),
(3, 0, 3, 'اصلی و تخصصی نظری', 'حفاظت صنعتی', 71414),
(3, 0, 3, 'اصلی و تخصصی نظری', 'بررسی اقتصادی طرحهای صنعتی', 71415),
(2, 2, 0, 'پروژه', 'پروژه (1)', 71416),
(3, 0, 3, 'اختیاری تخصصی', 'روابط صنعتی', 71501),
(3, 0, 3, 'اختیاری تخصصی', 'فنون و تجزیه و تحلیل و طرحهای سیستمها', 71502),
(3, 0, 3, 'اختیاری تخصصی', 'سیستم های اطلاعاتی در مدیریت', 71503),
(3, 0, 3, 'اختیاری تخصصی', 'بازاریابی بین المللی', 71504),
(2, 0, 2, 'اختیاری تخصصی', 'بهره وری و تجزیه و تحلیل آن در سازمانها', 71505),
(4, 0, 4, 'پیش نیاز پایه', 'ریاضی پیش دانشگاهی', 71601),
(4, 0, 4, 'پیش نیاز عمومی', 'زبان پیش دانشگاهی ', 71602),
(3, 0, 3, 'پایه نظری', 'ریاضیات و کاربرد آن در مدیریت 2 ', 71603),
(3, 0, 3, 'اصلی و تخصصی نظری', 'ساختمانهای گسسته', 81200),
(1, 1, 0, 'آزمایشگاهی یاعملی 2 ساعته', 'آزمایشگاه کامپیوتر', 81201),
(3, 0, 3, 'اصلی و تخصصی نظری', 'زبان ماشین و برنامه سازی سیستم ', 81202),
(3, 0, 3, 'اصلی و تخصصی نظری', 'مدارهای الکتریکی1', 81203),
(1, 1, 0, 'آزمایشگاهی یاعملی 2 ساعته', 'آزمایشگاه مدارهای الکتریکی1', 81204),
(3, 0, 3, 'اصلی و تخصصی نظری', 'ریاضی مهندسی', 81205),
(3, 0, 3, 'اصلی و تخصصی نظری', 'طراحی و پیاده سازی زبانهای برنامه نویسی', 81206),
(3, 0, 3, 'اصلی و تخصصی نظری', 'ریزپردازنده 1', 81207),
(1, 1, 0, 'آزمایشگاهی یاعملی 2 ساعته', 'آزمایشگاه ریزپردازنده 1', 81208),
(3, 0, 3, 'اصلی و تخصصی نظری', 'مدارهای الکترونیکی', 81209),
(1, 1, 0, 'آزمایشگاهی یاعملی 2 ساعته', 'آزمایشگاه مدارهای الکترونیکی', 81210),
(3, 0, 3, 'اختیاری تخصصی', 'شبکه های کامپیوتری', 81211),
(3, 0, 3, 'اصلی و تخصصی نظری', 'ذخیره و بازیابی اطلاعات ', 81212),
(3, 0, 3, 'اصلی و تخصصی نظری', 'اصول طراحی کمپایلر', 81213),
(3, 0, 3, 'اختیاری تخصصی', 'روشهای محاسبات عددی', 81214),
(3, 0, 3, 'اختیاری تخصصی', 'نظریه محاسبات', 81215),
(3, 0, 3, 'اختیاری تخصصی', 'طراحی مدارهای واسط', 81216),
(1, 1, 0, 'اختیاری تخصصی', 'آزمایشگاه مدارهای واسط', 81217),
(3, 0, 3, 'اختیاری تخصصی', 'مهندسی اینترنت', 81218),
(3, 0, 3, 'اختیاری تخصصی', 'طراحی و پیاده سازی سیستم های بیدرنگ ', 81219),
(3, 0, 3, 'اختیاری تخصصی', 'مدلسازی و ارزیابی سیستمهای کامپیوتری', 81220),
(3, 0, 3, 'اختیاری تخصصی', 'اصول طراحی واسط کاربر', 81221),
(3, 0, 3, 'اختیاری تخصصی', 'برنامه نویسی توصیفی', 81222),
(3, 0, 3, 'اختیاری تخصصی', 'برنامه نویسی همروند', 81223),
(3, 0, 3, 'اختیاری تخصصی', 'گرافیک کامپیوتری1', 81224),
(3, 0, 3, 'اختیاری تخصصی', 'محیط های چند رسانه ای', 81225),
(3, 0, 3, 'اختیاری تخصصی', 'سیستم های خبره', 81226),
(3, 0, 3, 'اختیاری تخصصی', 'گرافیک کامپیوتری2', 81227),
(3, 0, 3, 'اختیاری تخصصی', 'شبیه سازی کامپیوتری', 81228),
(4, 0, 4, 'اصلی و تخصصی نظری', 'مبانی کامپیوتر و برنامه سازی', 81229),
(2, 0, 2, 'جبرانی تخصصی', 'ریاضی پیش دانشگاهی', 100001),
(1, 1, 0, 'آزمایشگاهی یاعملی 3 ساعته', 'آزمایشگاه اندازه گیری الکتریکی', 416001),
(1, 1, 0, 'آزمایشگاهی یاعملی 3 ساعته', 'کارگاه ورق کاری و جوشکاری', 416002),
(1, 1, 0, 'آزمایشگاهی یاعملی 3 ساعته', 'کارگاه مدار فرمان', 416003),
(1, 0, 1, 'اصلی و تخصصی نظری', 'ایمنی در برق', 416004),
(2, 1, 1, 'نظری عملی', 'کاربرد رایانه در برق', 416005),
(3, 0, 3, 'اختیاری تخصصی', 'طراحی پست های فشار قوی و پروژه', 517012),
(3, 0, 3, 'اصلی و تخصصی نظری', 'تولید و نیروگاه', 619001),
(2, 0, 2, 'اصلی و تخصصی نظری', 'ترمودینامیک', 619002),
(1, 1, 0, 'آزمایشگاهی یاعملی 3 ساعته', 'آزمایشگاه ماشین2', 619003),
(3, 0, 3, 'اصلی و تخصصی نظری', 'حفاظت و رله ها', 619004),
(3, 0, 3, 'اصلی و تخصصی نظری', 'ماشینهای مخصوص', 619005),
(1, 1, 0, 'آزمایشگاهی یاعملی 3 ساعته', 'آزمایشگاه سیستمهای قدرت', 619006),
(3, 0, 3, 'اختیاری تخصصی', 'سازمان کامپیوتر', 619007),
(3, 0, 3, 'اصلی و تخصصی نظری', 'مقاومت مصالح 1', 621300),
(3, 0, 3, 'اصلی و تخصصی نظری', 'استاتیک', 621301),
(3, 0, 3, 'اصلی و تخصصی نظری', 'دینامیک', 621302),
(2, 0, 2, 'اصلی و تخصصی نظری', 'اصول و مبانی معماری و شهرسازی', 621303),
(2, 2, 0, 'آزمایشگاهی یاعملی 2 ساعته', 'اجرای سازه های فلزی و بتنی ', 621304);

-- --------------------------------------------------------

--
-- Table structure for table `crs_major`
--

CREATE TABLE IF NOT EXISTS `crs_major` (
  `cid` int(11) DEFAULT NULL,
  `mid` int(11) NOT NULL,
  `level` int(11) NOT NULL
) ENGINE=InnoDB DEFAULT CHARSET=latin1;

--
-- Dumping data for table `crs_major`
--

INSERT INTO `crs_major` (`cid`, `mid`, `level`) VALUES
(2000, 23, 1),
(2002, 23, 1),
(10000, 23, 1),
(40102, 23, 1),
(40203, 23, 1),
(40204, 23, 1),
(40205, 23, 1),
(40314, 23, 1),
(40403, 23, 1),
(40404, 23, 1),
(40407, 23, 1),
(41001, 23, 1),
(41002, 23, 1),
(41003, 23, 1),
(41510, 23, 1),
(41512, 23, 1),
(41513, 23, 1),
(41514, 23, 1),
(41515, 23, 1),
(41516, 23, 1),
(41517, 23, 1),
(41518, 23, 1),
(41519, 23, 1),
(41520, 23, 1),
(41521, 23, 1),
(41522, 23, 1),
(41523, 23, 1),
(41524, 23, 1),
(41530, 23, 1),
(42101, 23, 1),
(42102, 23, 1),
(42104, 23, 1),
(42105, 23, 1),
(42203, 23, 1),
(42310, 23, 1),
(42407, 23, 1),
(43108, 23, 1),
(43115, 23, 1),
(44120, 23, 1),
(52309, 23, 1),
(52503, 23, 1),
(61808, 23, 1),
(61814, 23, 1),
(416001, 23, 1),
(416002, 23, 1),
(416003, 23, 1),
(416004, 23, 1),
(416005, 23, 1),
(2000, 24, 1),
(2002, 24, 1),
(10000, 24, 1),
(40102, 24, 1),
(40203, 24, 1),
(40204, 24, 1),
(40311, 24, 1),
(40312, 24, 1),
(40403, 24, 1),
(40404, 24, 1),
(40406, 24, 1),
(40407, 24, 1),
(40508, 24, 1),
(40513, 24, 1),
(40514, 24, 1),
(41001, 24, 1),
(41002, 24, 1),
(41003, 24, 1),
(41201, 24, 1),
(42101, 24, 1),
(42102, 24, 1),
(42104, 24, 1),
(42105, 24, 1),
(42203, 24, 1),
(42306, 24, 1),
(42407, 24, 1),
(43108, 24, 1),
(44101, 24, 1),
(44102, 24, 1),
(44103, 24, 1),
(44104, 24, 1),
(44105, 24, 1),
(44106, 24, 1),
(44107, 24, 1),
(44108, 24, 1),
(44109, 24, 1),
(44110, 24, 1),
(44111, 24, 1),
(44112, 24, 1),
(44113, 24, 1),
(44114, 24, 1),
(44115, 24, 1),
(44116, 24, 1),
(44117, 24, 1),
(44118, 24, 1),
(44119, 24, 1),
(44120, 24, 1),
(44121, 24, 1),
(52502, 24, 1),
(52503, 24, 1),
(52505, 24, 1),
(2000, 25, 1),
(2002, 25, 1),
(40102, 25, 1),
(41001, 25, 1),
(41003, 25, 1),
(41701, 25, 1),
(41702, 25, 1),
(41703, 25, 1),
(41704, 25, 1),
(41705, 25, 1),
(41706, 25, 1),
(41707, 25, 1),
(41708, 25, 1),
(41709, 25, 1),
(41710, 25, 1),
(41711, 25, 1),
(41712, 25, 1),
(41713, 25, 1),
(41714, 25, 1),
(41715, 25, 1),
(42101, 25, 1),
(42102, 25, 1),
(42104, 25, 1),
(42105, 25, 1),
(43108, 25, 1),
(43115, 25, 1),
(53109, 25, 1),
(61201, 25, 1),
(61202, 25, 1),
(71201, 25, 1),
(71202, 25, 1),
(71306, 25, 1),
(71307, 25, 1),
(71401, 25, 1),
(2002, 26, 1),
(40102, 26, 1),
(40204, 26, 1),
(41001, 26, 1),
(41002, 26, 1),
(41203, 26, 1),
(41405, 26, 1),
(42001, 26, 1),
(42002, 26, 1),
(42003, 26, 1),
(42004, 26, 1),
(42005, 26, 1),
(42006, 26, 1),
(42007, 26, 1),
(42008, 26, 1),
(42009, 26, 1),
(42010, 26, 1),
(42011, 26, 1),
(42012, 26, 1),
(42013, 26, 1),
(42014, 26, 1),
(42015, 26, 1),
(42016, 26, 1),
(42017, 26, 1),
(42018, 26, 1),
(42019, 26, 1),
(42020, 26, 1),
(42021, 26, 1),
(42022, 26, 1),
(42023, 26, 1),
(42024, 26, 1),
(42025, 26, 1),
(42026, 26, 1),
(42027, 26, 1),
(42028, 26, 1),
(42101, 26, 1),
(42102, 26, 1),
(42104, 26, 1),
(42105, 26, 1),
(42407, 26, 1),
(43108, 26, 1),
(51705, 26, 1),
(61201, 26, 1),
(2000, 27, 1),
(2002, 27, 1),
(5301, 27, 1),
(10000, 27, 1),
(40102, 27, 1),
(40204, 27, 1),
(40406, 27, 1),
(40407, 27, 1),
(41001, 27, 1),
(41002, 27, 1),
(41003, 27, 1),
(41201, 27, 1),
(41311, 27, 1),
(41504, 27, 1),
(42101, 27, 1),
(42102, 27, 1),
(42104, 27, 1),
(42105, 27, 1),
(42203, 27, 1),
(42407, 27, 1),
(43101, 27, 1),
(43102, 27, 1),
(43103, 27, 1),
(43105, 27, 1),
(43106, 27, 1),
(43107, 27, 1),
(43108, 27, 1),
(43109, 27, 1),
(43110, 27, 1),
(43111, 27, 1),
(43112, 27, 1),
(43113, 27, 1),
(43114, 27, 1),
(43115, 27, 1),
(43116, 27, 1),
(43117, 27, 1),
(43118, 27, 1),
(51201, 27, 1),
(52410, 27, 1),
(54124, 27, 1),
(61302, 27, 1),
(61303, 27, 1),
(61306, 27, 1),
(61320, 27, 1),
(2000, 28, 1),
(2002, 28, 1),
(10000, 28, 1),
(40102, 28, 1),
(40203, 28, 1),
(40204, 28, 1),
(40404, 28, 1),
(40407, 28, 1),
(41001, 28, 1),
(41002, 28, 1),
(41306, 28, 1),
(42101, 28, 1),
(42102, 28, 1),
(42104, 28, 1),
(42105, 28, 1),
(42106, 28, 1),
(42107, 28, 1),
(42108, 28, 1),
(42109, 28, 1),
(42110, 28, 1),
(42111, 28, 1),
(42112, 28, 1),
(42113, 28, 1),
(42114, 28, 1),
(42115, 28, 1),
(42116, 28, 1),
(42117, 28, 1),
(42118, 28, 1),
(42119, 28, 1),
(42120, 28, 1),
(42121, 28, 1),
(42122, 28, 1),
(42123, 28, 1),
(42124, 28, 1),
(42125, 28, 1),
(42126, 28, 1),
(42127, 28, 1),
(42128, 28, 1),
(42129, 28, 1),
(42203, 28, 1),
(42204, 28, 1),
(42311, 28, 1),
(42407, 28, 1),
(44120, 28, 1),
(52503, 28, 1),
(61804, 28, 1),
(61820, 28, 1),
(416004, 28, 1),
(2000, 29, 1),
(2002, 29, 1),
(10000, 29, 1),
(40102, 29, 1),
(40203, 29, 1),
(40204, 29, 1),
(40205, 29, 1),
(40314, 29, 1),
(40403, 29, 1),
(40404, 29, 1),
(40407, 29, 1),
(41001, 29, 1),
(41002, 29, 1),
(41003, 29, 1),
(41513, 29, 1),
(41515, 29, 1),
(41522, 29, 1),
(41523, 29, 1),
(41524, 29, 1),
(41525, 29, 1),
(41526, 29, 1),
(41527, 29, 1),
(41528, 29, 1),
(41529, 29, 1),
(41530, 29, 1),
(41605, 29, 1),
(42101, 29, 1),
(42102, 29, 1),
(42104, 29, 1),
(42105, 29, 1),
(42203, 29, 1),
(42310, 29, 1),
(42407, 29, 1),
(43108, 29, 1),
(43115, 29, 1),
(44120, 29, 1),
(52309, 29, 1),
(52503, 29, 1),
(61808, 29, 1),
(61814, 29, 1),
(416001, 29, 1),
(416003, 29, 1),
(416004, 29, 1),
(416005, 29, 1),
(2000, 30, 3),
(2001, 30, 3),
(10000, 30, 3),
(40102, 30, 3),
(40105, 30, 3),
(40306, 30, 3),
(40308, 30, 3),
(40310, 30, 3),
(40312, 30, 3),
(40316, 30, 3),
(40317, 30, 3),
(40318, 30, 3),
(40319, 30, 3),
(40402, 30, 3),
(40407, 30, 3),
(40515, 30, 3),
(41001, 30, 3),
(41002, 30, 3),
(41003, 30, 3),
(41301, 30, 3),
(41306, 30, 3),
(42101, 30, 3),
(42102, 30, 3),
(42104, 30, 3),
(42105, 30, 3),
(44109, 30, 3),
(51102, 30, 3),
(51103, 30, 3),
(51104, 30, 3),
(51105, 30, 3),
(51309, 30, 3),
(52203, 30, 3),
(52301, 30, 3),
(52302, 30, 3),
(52304, 30, 3),
(52410, 30, 3),
(52411, 30, 3),
(52413, 30, 3),
(52504, 30, 3),
(52506, 30, 3),
(61201, 30, 3),
(61202, 30, 3),
(61203, 30, 3),
(61205, 30, 3),
(61206, 30, 3),
(61207, 30, 3),
(61208, 30, 3),
(61209, 30, 3),
(61304, 30, 3),
(61305, 30, 3),
(61801, 30, 3),
(61802, 30, 3),
(61803, 30, 3),
(61804, 30, 3),
(61805, 30, 3),
(61806, 30, 3),
(61807, 30, 3),
(61808, 30, 3),
(61809, 30, 3),
(61810, 30, 3),
(61812, 30, 3),
(61813, 30, 3),
(61815, 30, 3),
(61816, 30, 3),
(61817, 30, 3),
(61818, 30, 3),
(61819, 30, 3),
(61820, 30, 3),
(81205, 30, 3),
(2000, 31, 3),
(2001, 31, 3),
(2002, 31, 3),
(10000, 31, 3),
(40102, 31, 3),
(40105, 31, 3),
(40306, 31, 3),
(40308, 31, 3),
(40310, 31, 3),
(40316, 31, 3),
(40317, 31, 3),
(40407, 31, 3),
(40515, 31, 3),
(41001, 31, 3),
(41002, 31, 3),
(41301, 31, 3),
(41306, 31, 3),
(42101, 31, 3),
(42102, 31, 3),
(42104, 31, 3),
(42105, 31, 3),
(51102, 31, 3),
(51103, 31, 3),
(51104, 31, 3),
(51105, 31, 3),
(51701, 31, 3),
(51703, 31, 3),
(51706, 31, 3),
(51707, 31, 3),
(52203, 31, 3),
(52301, 31, 3),
(52302, 31, 3),
(52304, 31, 3),
(52405, 31, 3),
(52411, 31, 3),
(52413, 31, 3),
(52506, 31, 3),
(61201, 31, 3),
(61202, 31, 3),
(61203, 31, 3),
(61205, 31, 3),
(61206, 31, 3),
(61207, 31, 3),
(61208, 31, 3),
(61209, 31, 3),
(61304, 31, 3),
(61801, 31, 3),
(61802, 31, 3),
(61803, 31, 3),
(61804, 31, 3),
(61805, 31, 3),
(61806, 31, 3),
(61807, 31, 3),
(61808, 31, 3),
(61809, 31, 3),
(61810, 31, 3),
(61817, 31, 3),
(61819, 31, 3),
(61820, 31, 3),
(81205, 31, 3),
(517012, 31, 3),
(619001, 31, 3),
(619002, 31, 3),
(619003, 31, 3),
(619004, 31, 3),
(619005, 31, 3),
(619006, 31, 3),
(619007, 31, 3),
(2001, 25, 3),
(2002, 25, 3),
(40102, 25, 3),
(40105, 25, 3),
(41001, 25, 3),
(41002, 25, 3),
(41003, 25, 3),
(41702, 25, 3),
(41705, 25, 3),
(41709, 25, 3),
(42101, 25, 3),
(42102, 25, 3),
(42104, 25, 3),
(42105, 25, 3),
(51102, 25, 3),
(51103, 25, 3),
(51104, 25, 3),
(51105, 25, 3),
(51607, 25, 3),
(51610, 25, 3),
(51611, 25, 3),
(51612, 25, 3),
(51614, 25, 3),
(51618, 25, 3),
(62201, 25, 3),
(62202, 25, 3),
(62203, 25, 3),
(62204, 25, 3),
(62205, 25, 3),
(62206, 25, 3),
(62207, 25, 3),
(62208, 25, 3),
(62209, 25, 3),
(62210, 25, 3),
(62211, 25, 3),
(62212, 25, 3),
(62213, 25, 3),
(62214, 25, 3),
(62215, 25, 3),
(62216, 25, 3),
(62217, 25, 3),
(62218, 25, 3),
(62219, 25, 3),
(62220, 25, 3),
(62221, 25, 3),
(62222, 25, 3),
(62223, 25, 3),
(62224, 25, 3),
(62225, 25, 3),
(62226, 25, 3),
(62227, 25, 3),
(71301, 25, 3),
(71307, 25, 3),
(71401, 25, 3),
(71402, 25, 3),
(2000, 32, 3),
(2001, 32, 3),
(2002, 32, 3),
(40102, 32, 3),
(40103, 32, 3),
(40105, 32, 3),
(41000, 32, 3),
(41001, 32, 3),
(41002, 32, 3),
(41003, 32, 3),
(41406, 32, 3),
(42101, 32, 3),
(42102, 32, 3),
(42103, 32, 3),
(42104, 32, 3),
(42105, 32, 3),
(51102, 32, 3),
(51103, 32, 3),
(51104, 32, 3),
(51105, 32, 3),
(51401, 32, 3),
(51402, 32, 3),
(51505, 32, 3),
(51510, 32, 3),
(61201, 32, 3),
(61202, 32, 3),
(61203, 32, 3),
(61204, 32, 3),
(61205, 32, 3),
(61206, 32, 3),
(61207, 32, 3),
(61208, 32, 3),
(61209, 32, 3),
(61301, 32, 3),
(61302, 32, 3),
(61303, 32, 3),
(61304, 32, 3),
(61305, 32, 3),
(61306, 32, 3),
(61307, 32, 3),
(61308, 32, 3),
(61309, 32, 3),
(61310, 32, 3),
(61311, 32, 3),
(61312, 32, 3),
(61313, 32, 3),
(61314, 32, 3),
(61315, 32, 3),
(61316, 32, 3),
(61317, 32, 3),
(61318, 32, 3),
(61319, 32, 3),
(61320, 32, 3),
(61321, 32, 3),
(61322, 32, 3),
(61323, 32, 3),
(61401, 32, 3),
(61402, 32, 3),
(61403, 32, 3),
(61405, 32, 3),
(61406, 32, 3),
(61407, 32, 3),
(61408, 32, 3),
(61409, 32, 3),
(61410, 32, 3),
(61411, 32, 3),
(61412, 32, 3),
(61413, 32, 3),
(61501, 32, 3),
(61502, 32, 3),
(61504, 32, 3),
(61505, 32, 3),
(61506, 32, 3),
(61507, 32, 3),
(61508, 32, 3),
(61509, 32, 3),
(61510, 32, 3),
(61511, 32, 3),
(61512, 32, 3),
(61513, 32, 3),
(71107, 32, 3),
(71302, 32, 3),
(2001, 33, 3),
(2002, 33, 3),
(10000, 33, 3),
(40102, 33, 3),
(40105, 33, 3),
(41001, 33, 3),
(41002, 33, 3),
(42101, 33, 3),
(42102, 33, 3),
(42104, 33, 3),
(42105, 33, 3),
(51102, 33, 3),
(51103, 33, 3),
(51104, 33, 3),
(51105, 33, 3),
(62101, 33, 3),
(62102, 33, 3),
(62103, 33, 3),
(62104, 33, 3),
(62105, 33, 3),
(62106, 33, 3),
(62107, 33, 3),
(62108, 33, 3),
(62109, 33, 3),
(62110, 33, 3),
(62112, 33, 3),
(62113, 33, 3),
(62120, 33, 3),
(62121, 33, 3),
(62122, 33, 3),
(62123, 33, 3),
(62124, 33, 3),
(62125, 33, 3),
(62126, 33, 3),
(62127, 33, 3),
(62128, 33, 3),
(62129, 33, 3),
(62130, 33, 3),
(62131, 33, 3),
(62132, 33, 3),
(62133, 33, 3),
(62134, 33, 3),
(62135, 33, 3),
(62136, 33, 3),
(62137, 33, 3),
(62138, 33, 3),
(62139, 33, 3),
(62140, 33, 3),
(62141, 33, 3),
(62151, 33, 3),
(62152, 33, 3),
(62153, 33, 3),
(62154, 33, 3),
(62155, 33, 3),
(62156, 33, 3),
(62157, 33, 3),
(2001, 34, 3),
(2002, 34, 3),
(40102, 34, 3),
(40105, 34, 3),
(41001, 34, 3),
(41002, 34, 3),
(41805, 34, 3),
(42101, 34, 3),
(42102, 34, 3),
(42104, 34, 3),
(42105, 34, 3),
(51102, 34, 3),
(51103, 34, 3),
(51104, 34, 3),
(51105, 34, 3),
(62101, 34, 3),
(62106, 34, 3),
(62107, 34, 3),
(62108, 34, 3),
(62109, 34, 3),
(62113, 34, 3),
(62132, 34, 3),
(62133, 34, 3),
(62501, 34, 3),
(62502, 34, 3),
(62503, 34, 3),
(62504, 34, 3),
(62505, 34, 3),
(62506, 34, 3),
(62507, 34, 3),
(62508, 34, 3),
(62509, 34, 3),
(62510, 34, 3),
(62511, 34, 3),
(62512, 34, 3),
(62513, 34, 3),
(62514, 34, 3),
(62515, 34, 3),
(62516, 34, 3),
(62517, 34, 3),
(62518, 34, 3),
(62519, 34, 3),
(62520, 34, 3),
(62521, 34, 3),
(62522, 34, 3),
(62523, 34, 3),
(62524, 34, 3),
(62525, 34, 3),
(62526, 34, 3),
(62527, 34, 3),
(62528, 34, 3),
(62529, 34, 3),
(62531, 34, 3),
(62532, 34, 3),
(62533, 34, 3),
(62537, 34, 3),
(62538, 34, 3),
(62539, 34, 3),
(62540, 34, 3),
(62541, 34, 3),
(62542, 34, 3),
(62543, 34, 3),
(2000, 35, 3),
(2001, 35, 3),
(2002, 35, 3),
(40102, 35, 3),
(40105, 35, 3),
(41003, 35, 3),
(42101, 35, 3),
(42102, 35, 3),
(42103, 35, 3),
(42104, 35, 3),
(42105, 35, 3),
(51102, 35, 3),
(51103, 35, 3),
(51104, 35, 3),
(51105, 35, 3),
(71101, 35, 3),
(71106, 35, 3),
(71107, 35, 3),
(71108, 35, 3),
(71201, 35, 3),
(71202, 35, 3),
(71203, 35, 3),
(71204, 35, 3),
(71205, 35, 3),
(71207, 35, 3),
(71208, 35, 3),
(71209, 35, 3),
(71210, 35, 3),
(71211, 35, 3),
(71212, 35, 3),
(71213, 35, 3),
(71301, 35, 3),
(71302, 35, 3),
(71303, 35, 3),
(71304, 35, 3),
(71305, 35, 3),
(71306, 35, 3),
(71307, 35, 3),
(71308, 35, 3),
(71309, 35, 3),
(71401, 35, 3),
(71402, 35, 3),
(71403, 35, 3),
(71404, 35, 3),
(71405, 35, 3),
(71406, 35, 3),
(71407, 35, 3),
(71408, 35, 3),
(71409, 35, 3),
(71410, 35, 3),
(71411, 35, 3),
(71412, 35, 3),
(71413, 35, 3),
(71414, 35, 3),
(71415, 35, 3),
(71416, 35, 3),
(71501, 35, 3),
(71502, 35, 3),
(71503, 35, 3),
(71504, 35, 3),
(71505, 35, 3),
(71601, 35, 3),
(71602, 35, 3),
(71603, 35, 3),
(2001, 36, 3),
(2002, 36, 3),
(40102, 36, 3),
(40105, 36, 3),
(40308, 36, 3),
(40310, 36, 3),
(40316, 36, 3),
(40515, 36, 3),
(41001, 36, 3),
(41002, 36, 3),
(41003, 36, 3),
(41301, 36, 3),
(41306, 36, 3),
(41405, 36, 3),
(42101, 36, 3),
(42102, 36, 3),
(42104, 36, 3),
(42105, 36, 3),
(51102, 36, 3),
(51103, 36, 3),
(51104, 36, 3),
(51105, 36, 3),
(51708, 36, 3),
(52301, 36, 3),
(52304, 36, 3),
(52413, 36, 3),
(52506, 36, 3),
(61201, 36, 3),
(61202, 36, 3),
(61203, 36, 3),
(61205, 36, 3),
(61206, 36, 3),
(61207, 36, 3),
(61208, 36, 3),
(61304, 36, 3),
(61801, 36, 3),
(61802, 36, 3),
(61805, 36, 3),
(61815, 36, 3),
(61816, 36, 3),
(61818, 36, 3),
(62001, 36, 3),
(62002, 36, 3),
(62003, 36, 3),
(62004, 36, 3),
(62005, 36, 3),
(62006, 36, 3),
(62007, 36, 3),
(62008, 36, 3),
(62009, 36, 3),
(62010, 36, 3),
(62011, 36, 3),
(62012, 36, 3),
(62013, 36, 3),
(62014, 36, 3),
(62015, 36, 3),
(62016, 36, 3),
(62017, 36, 3),
(62018, 36, 3),
(62019, 36, 3),
(62020, 36, 3),
(62021, 36, 3),
(62022, 36, 3),
(81205, 36, 3),
(81211, 36, 3),
(2000, 37, 3),
(2001, 37, 3),
(2002, 37, 3),
(10000, 37, 3),
(40102, 37, 3),
(40105, 37, 3),
(40314, 37, 3),
(40407, 37, 3),
(41001, 37, 3),
(41002, 37, 3),
(41003, 37, 3),
(41201, 37, 3),
(41302, 37, 3),
(41306, 37, 3),
(42101, 37, 3),
(42102, 37, 3),
(42103, 37, 3),
(42104, 37, 3),
(42105, 37, 3),
(42312, 37, 3),
(51102, 37, 3),
(51103, 37, 3),
(51104, 37, 3),
(51105, 37, 3),
(51304, 37, 3),
(51309, 37, 3),
(51401, 37, 3),
(51505, 37, 3),
(51510, 37, 3),
(52413, 37, 3),
(61201, 37, 3),
(61202, 37, 3),
(61203, 37, 3),
(61204, 37, 3),
(61205, 37, 3),
(61206, 37, 3),
(61207, 37, 3),
(61208, 37, 3),
(61209, 37, 3),
(61303, 37, 3),
(61304, 37, 3),
(61305, 37, 3),
(61306, 37, 3),
(61307, 37, 3),
(61308, 37, 3),
(61309, 37, 3),
(61310, 37, 3),
(61311, 37, 3),
(61312, 37, 3),
(61316, 37, 3),
(61320, 37, 3),
(61321, 37, 3),
(61322, 37, 3),
(61323, 37, 3),
(61409, 37, 3),
(61513, 37, 3),
(81200, 37, 3),
(81201, 37, 3),
(81202, 37, 3),
(81203, 37, 3),
(81204, 37, 3),
(81205, 37, 3),
(81206, 37, 3),
(81207, 37, 3),
(81208, 37, 3),
(81209, 37, 3),
(81210, 37, 3),
(81211, 37, 3),
(81212, 37, 3),
(81213, 37, 3),
(81214, 37, 3),
(81215, 37, 3),
(81216, 37, 3),
(81217, 37, 3),
(81218, 37, 3),
(81219, 37, 3),
(81220, 37, 3),
(81221, 37, 3),
(81222, 37, 3),
(81223, 37, 3),
(81224, 37, 3),
(81225, 37, 3),
(81226, 37, 3),
(81227, 37, 3),
(81228, 37, 3),
(81229, 37, 3),
(2000, 38, 3),
(2001, 38, 3),
(2002, 38, 3),
(40102, 38, 3),
(40105, 38, 3),
(41001, 38, 3),
(41002, 38, 3),
(42101, 38, 3),
(42102, 38, 3),
(42104, 38, 3),
(42105, 38, 3),
(42302, 38, 3),
(51102, 38, 3),
(51103, 38, 3),
(51104, 38, 3),
(51105, 38, 3),
(51201, 38, 3),
(51903, 38, 3),
(51910, 38, 3),
(51912, 38, 3),
(51913, 38, 3),
(51914, 38, 3),
(51915, 38, 3),
(51916, 38, 3),
(51917, 38, 3),
(51920, 38, 3),
(51924, 38, 3),
(52203, 38, 3),
(53108, 38, 3),
(61201, 38, 3),
(61202, 38, 3),
(61203, 38, 3),
(61205, 38, 3),
(61207, 38, 3),
(62125, 38, 3),
(62401, 38, 3),
(62402, 38, 3),
(62403, 38, 3),
(62404, 38, 3),
(62405, 38, 3),
(62406, 38, 3),
(62407, 38, 3),
(62408, 38, 3),
(62409, 38, 3),
(62410, 38, 3),
(62411, 38, 3),
(62412, 38, 3),
(62413, 38, 3),
(62414, 38, 3),
(62415, 38, 3),
(62416, 38, 3),
(62417, 38, 3),
(62418, 38, 3),
(62419, 38, 3),
(62420, 38, 3),
(62421, 38, 3),
(62422, 38, 3),
(62423, 38, 3),
(62424, 38, 3),
(62425, 38, 3),
(62426, 38, 3),
(62427, 38, 3),
(62428, 38, 3),
(62429, 38, 3),
(62430, 38, 3),
(62431, 38, 3),
(621300, 38, 3),
(621301, 38, 3),
(621302, 38, 3),
(2000, 30, 4),
(2001, 30, 4),
(40105, 30, 4),
(40206, 30, 4),
(40307, 30, 4),
(40309, 30, 4),
(40313, 30, 4),
(41003, 30, 4),
(51102, 30, 4),
(51103, 30, 4),
(51104, 30, 4),
(51105, 30, 4),
(52201, 30, 4),
(52202, 30, 4),
(52203, 30, 4),
(52204, 30, 4),
(52205, 30, 4),
(52301, 30, 4),
(52302, 30, 4),
(52303, 30, 4),
(52304, 30, 4),
(52305, 30, 4),
(52306, 30, 4),
(52307, 30, 4),
(52308, 30, 4),
(52309, 30, 4),
(52401, 30, 4),
(52402, 30, 4),
(52403, 30, 4),
(52404, 30, 4),
(52405, 30, 4),
(52406, 30, 4),
(52407, 30, 4),
(52408, 30, 4),
(52409, 30, 4),
(52410, 30, 4),
(52411, 30, 4),
(52412, 30, 4),
(52413, 30, 4),
(52501, 30, 4),
(52502, 30, 4),
(52504, 30, 4),
(52505, 30, 4),
(52506, 30, 4),
(61203, 30, 4),
(61805, 30, 4),
(2001, 31, 4),
(40105, 31, 4),
(40317, 31, 4),
(40403, 31, 4),
(40406, 31, 4),
(40407, 31, 4),
(40515, 31, 4),
(41306, 31, 4),
(51102, 31, 4),
(51103, 31, 4),
(51104, 31, 4),
(51105, 31, 4),
(51701, 31, 4),
(51702, 31, 4),
(51703, 31, 4),
(51704, 31, 4),
(51705, 31, 4),
(51706, 31, 4),
(51707, 31, 4),
(51708, 31, 4),
(51709, 31, 4),
(51710, 31, 4),
(51711, 31, 4),
(52203, 31, 4),
(52301, 31, 4),
(52302, 31, 4),
(52411, 31, 4),
(52506, 31, 4),
(61202, 31, 4),
(61203, 31, 4),
(61304, 31, 4),
(61802, 31, 4),
(61805, 31, 4),
(61807, 31, 4),
(61809, 31, 4),
(61810, 31, 4),
(61819, 31, 4),
(81205, 31, 4),
(517012, 31, 4),
(619001, 31, 4),
(2000, 25, 4),
(2001, 25, 4),
(40105, 25, 4),
(42202, 25, 4),
(42313, 25, 4),
(51102, 25, 4),
(51103, 25, 4),
(51104, 25, 4),
(51105, 25, 4),
(51407, 25, 4),
(51601, 25, 4),
(51602, 25, 4),
(51603, 25, 4),
(51604, 25, 4),
(51605, 25, 4),
(51606, 25, 4),
(51607, 25, 4),
(51608, 25, 4),
(51609, 25, 4),
(51610, 25, 4),
(51611, 25, 4),
(51612, 25, 4),
(51614, 25, 4),
(51615, 25, 4),
(51616, 25, 4),
(51617, 25, 4),
(51618, 25, 4),
(51621, 25, 4),
(71308, 25, 4),
(71402, 25, 4),
(2000, 39, 4),
(2001, 39, 4),
(5401, 39, 4),
(5402, 39, 4),
(5403, 39, 4),
(5404, 39, 4),
(40105, 39, 4),
(40407, 39, 4),
(42203, 39, 4),
(42310, 39, 4),
(42313, 39, 4),
(51102, 39, 4),
(51103, 39, 4),
(51104, 39, 4),
(51105, 39, 4),
(51501, 39, 4),
(51504, 39, 4),
(52203, 39, 4),
(52413, 39, 4),
(52503, 39, 4),
(54101, 39, 4),
(54102, 39, 4),
(54103, 39, 4),
(54104, 39, 4),
(54105, 39, 4),
(54106, 39, 4),
(54107, 39, 4),
(54108, 39, 4),
(54109, 39, 4),
(54110, 39, 4),
(54111, 39, 4),
(54112, 39, 4),
(54113, 39, 4),
(54114, 39, 4),
(54115, 39, 4),
(54116, 39, 4),
(54117, 39, 4),
(54118, 39, 4),
(54119, 39, 4),
(54120, 39, 4),
(54121, 39, 4),
(54122, 39, 4),
(54124, 39, 4),
(54129, 39, 4),
(54130, 39, 4),
(61304, 39, 4),
(61306, 39, 4),
(61407, 39, 4),
(81203, 39, 4),
(81205, 39, 4),
(100001, 39, 4),
(2000, 40, 4),
(2001, 40, 4),
(5401, 40, 4),
(5402, 40, 4),
(5403, 40, 4),
(5404, 40, 4),
(40105, 40, 4),
(40407, 40, 4),
(42203, 40, 4),
(42310, 40, 4),
(42313, 40, 4),
(51102, 40, 4),
(51103, 40, 4),
(51104, 40, 4),
(51105, 40, 4),
(51501, 40, 4),
(51504, 40, 4),
(52203, 40, 4),
(52413, 40, 4),
(52503, 40, 4),
(54101, 40, 4),
(54102, 40, 4),
(54103, 40, 4),
(54104, 40, 4),
(54105, 40, 4),
(54106, 40, 4),
(54107, 40, 4),
(54108, 40, 4),
(54109, 40, 4),
(54110, 40, 4),
(54111, 40, 4),
(54112, 40, 4),
(54113, 40, 4),
(54114, 40, 4),
(54115, 40, 4),
(54116, 40, 4),
(54118, 40, 4),
(54119, 40, 4),
(54120, 40, 4),
(54121, 40, 4),
(54122, 40, 4),
(54125, 40, 4),
(54126, 40, 4),
(54127, 40, 4),
(54128, 40, 4),
(54130, 40, 4),
(61304, 40, 4),
(61306, 40, 4),
(61407, 40, 4),
(81203, 40, 4),
(81205, 40, 4),
(100001, 40, 4),
(40105, 33, 4),
(40407, 33, 4),
(51102, 33, 4),
(51103, 33, 4),
(51104, 33, 4),
(51105, 33, 4),
(51802, 33, 4),
(51803, 33, 4),
(51804, 33, 4),
(51805, 33, 4),
(51806, 33, 4),
(51807, 33, 4),
(51808, 33, 4),
(51809, 33, 4),
(51810, 33, 4),
(51811, 33, 4),
(51812, 33, 4),
(51813, 33, 4),
(51814, 33, 4),
(51815, 33, 4),
(51816, 33, 4),
(61202, 33, 4),
(62103, 33, 4),
(62108, 33, 4),
(62112, 33, 4),
(62124, 33, 4),
(62131, 33, 4),
(62133, 33, 4),
(62153, 33, 4),
(62413, 33, 4),
(2000, 41, 4),
(2001, 41, 4),
(5402, 41, 4),
(5404, 41, 4),
(40105, 41, 4),
(40301, 41, 4),
(40313, 41, 4),
(42311, 41, 4),
(42313, 41, 4),
(51102, 41, 4),
(51103, 41, 4),
(51104, 41, 4),
(51105, 41, 4),
(52301, 41, 4),
(52506, 41, 4),
(54120, 41, 4),
(54121, 41, 4),
(56101, 41, 4),
(56102, 41, 4),
(56103, 41, 4),
(56104, 41, 4),
(56105, 41, 4),
(56106, 41, 4),
(56107, 41, 4),
(56108, 41, 4),
(56109, 41, 4),
(56110, 41, 4),
(56111, 41, 4),
(56112, 41, 4),
(56113, 41, 4),
(56114, 41, 4),
(56115, 41, 4),
(56116, 41, 4),
(56117, 41, 4),
(56118, 41, 4),
(56119, 41, 4),
(56120, 41, 4),
(56121, 41, 4),
(56122, 41, 4),
(56123, 41, 4),
(56124, 41, 4),
(56125, 41, 4),
(56126, 41, 4),
(56127, 41, 4),
(56128, 41, 4),
(56129, 41, 4),
(56130, 41, 4),
(56131, 41, 4),
(56132, 41, 4),
(56133, 41, 4),
(56134, 41, 4),
(56135, 41, 4),
(56136, 41, 4),
(56137, 41, 4),
(56138, 41, 4),
(56139, 41, 4),
(61204, 41, 4),
(81205, 41, 4),
(2000, 27, 4),
(2001, 27, 4),
(40105, 27, 4),
(41003, 27, 4),
(41304, 27, 4),
(41311, 27, 4),
(42314, 27, 4),
(51102, 27, 4),
(51103, 27, 4),
(51104, 27, 4),
(51105, 27, 4),
(51201, 27, 4),
(51202, 27, 4),
(51203, 27, 4),
(51204, 27, 4),
(51301, 27, 4),
(51302, 27, 4),
(51303, 27, 4),
(51304, 27, 4),
(51305, 27, 4),
(51306, 27, 4),
(51307, 27, 4),
(51308, 27, 4),
(51309, 27, 4),
(51401, 27, 4),
(51402, 27, 4),
(51403, 27, 4),
(51404, 27, 4),
(51405, 27, 4),
(51406, 27, 4),
(51407, 27, 4),
(51501, 27, 4),
(51502, 27, 4),
(51503, 27, 4),
(51504, 27, 4),
(51505, 27, 4),
(51506, 27, 4),
(51507, 27, 4),
(51508, 27, 4),
(51509, 27, 4),
(51510, 27, 4),
(51511, 27, 4),
(51512, 27, 4),
(52203, 27, 4),
(61203, 27, 4),
(61303, 27, 4),
(61304, 27, 4),
(61306, 27, 4),
(61307, 27, 4),
(61308, 27, 4),
(61310, 27, 4),
(61316, 27, 4),
(61321, 27, 4),
(61512, 27, 4),
(61513, 27, 4),
(81206, 27, 4),
(81213, 27, 4),
(81222, 27, 4),
(81228, 27, 4),
(2001, 42, 4),
(40105, 42, 4),
(51102, 42, 4),
(51103, 42, 4),
(51104, 42, 4),
(51105, 42, 4),
(51906, 42, 4),
(51907, 42, 4),
(51908, 42, 4),
(51909, 42, 4),
(51910, 42, 4),
(51911, 42, 4),
(51912, 42, 4),
(51913, 42, 4),
(51914, 42, 4),
(51915, 42, 4),
(51916, 42, 4),
(51917, 42, 4),
(51918, 42, 4),
(51919, 42, 4),
(51920, 42, 4),
(51921, 42, 4),
(51922, 42, 4),
(51923, 42, 4),
(51924, 42, 4),
(51925, 42, 4),
(51926, 42, 4),
(51927, 42, 4),
(52203, 42, 4),
(53108, 42, 4),
(61201, 42, 4),
(61202, 42, 4),
(61203, 42, 4),
(621300, 42, 4),
(621301, 42, 4),
(621302, 42, 4),
(621303, 42, 4),
(621304, 42, 4),
(2001, 43, 4),
(5301, 43, 4),
(40105, 43, 4),
(51102, 43, 4),
(51103, 43, 4),
(51104, 43, 4),
(51105, 43, 4),
(51306, 43, 4),
(51405, 43, 4),
(52201, 43, 4),
(52202, 43, 4),
(52204, 43, 4),
(52401, 43, 4),
(52413, 43, 4),
(53101, 43, 4),
(53102, 43, 4),
(53103, 43, 4),
(53104, 43, 4),
(53105, 43, 4),
(53106, 43, 4),
(53107, 43, 4),
(53108, 43, 4),
(53109, 43, 4),
(53110, 43, 4),
(61203, 43, 4),
(61205, 43, 4),
(61206, 43, 4),
(61208, 43, 4),
(61303, 43, 4),
(61305, 43, 4),
(61306, 43, 4),
(61313, 43, 4),
(61314, 43, 4),
(61322, 43, 4),
(81200, 43, 4),
(81205, 43, 4),
(81207, 43, 4),
(2000, 30, 2),
(2002, 30, 2),
(10000, 30, 2),
(40102, 30, 2),
(40103, 30, 2),
(40201, 30, 2),
(40202, 30, 2),
(40203, 30, 2),
(40204, 30, 2),
(40205, 30, 2),
(40206, 30, 2),
(40207, 30, 2),
(40301, 30, 2),
(40302, 30, 2),
(40303, 30, 2),
(40304, 30, 2),
(40305, 30, 2),
(40306, 30, 2),
(40307, 30, 2),
(40308, 30, 2),
(40309, 30, 2),
(40310, 30, 2),
(40311, 30, 2),
(40312, 30, 2),
(40313, 30, 2),
(40314, 30, 2),
(40315, 30, 2),
(40401, 30, 2),
(40402, 30, 2),
(40403, 30, 2),
(40404, 30, 2),
(40405, 30, 2),
(40406, 30, 2),
(40407, 30, 2),
(40501, 30, 2),
(40502, 30, 2),
(40503, 30, 2),
(40504, 30, 2),
(40505, 30, 2),
(40506, 30, 2),
(40507, 30, 2),
(40508, 30, 2),
(40509, 30, 2),
(40510, 30, 2),
(40511, 30, 2),
(40513, 30, 2),
(40514, 30, 2),
(40515, 30, 2),
(41000, 30, 2),
(41001, 30, 2),
(41002, 30, 2),
(41003, 30, 2),
(41201, 30, 2),
(42101, 30, 2),
(42102, 30, 2),
(42103, 30, 2),
(42104, 30, 2),
(42105, 30, 2),
(42201, 30, 2),
(42311, 30, 2),
(61201, 30, 2),
(61209, 30, 2),
(71108, 30, 2),
(62317, 44, 3),
(62305, 44, 3),
(42102, 44, 3),
(62308, 44, 3),
(40105, 44, 3),
(42101, 44, 3),
(51102, 44, 3),
(62327, 44, 3),
(62328, 44, 3),
(62324, 44, 3),
(62104, 44, 3),
(62105, 44, 3),
(62336, 44, 3),
(51103, 44, 3),
(2001, 44, 3),
(62318, 44, 3),
(62313, 44, 3),
(62316, 44, 3),
(62333, 44, 3),
(51105, 44, 3),
(42105, 44, 3),
(62306, 44, 3),
(62307, 44, 3),
(62339, 44, 3),
(2002, 44, 3),
(62302, 44, 3),
(62329, 44, 3),
(2000, 44, 3),
(62337, 44, 3),
(41001, 44, 3),
(62309, 44, 3),
(62314, 44, 3),
(41002, 44, 3),
(62413, 44, 3),
(42104, 44, 3),
(62338, 44, 3),
(62321, 44, 3),
(62335, 44, 3),
(62330, 44, 3),
(62310, 44, 3),
(62315, 44, 3),
(62320, 44, 3),
(62325, 44, 3),
(40102, 44, 3),
(62312, 44, 3),
(62301, 44, 3),
(62304, 44, 3),
(62319, 44, 3),
(62311, 44, 3),
(62326, 44, 3),
(51104, 44, 3),
(62322, 44, 3),
(62323, 44, 3),
(51203, 44, 3),
(62331, 44, 3),
(62303, 44, 3);

-- --------------------------------------------------------

--
-- Table structure for table `dpt`
--

CREATE TABLE IF NOT EXISTS `dpt` (
  `dptid` int(11) NOT NULL AUTO_INCREMENT,
  `dname` varchar(100) CHARACTER SET utf8 DEFAULT NULL,
  UNIQUE KEY `dptid` (`dptid`)
) ENGINE=InnoDB  DEFAULT CHARSET=latin1 AUTO_INCREMENT=12 ;

--
-- Dumping data for table `dpt`
--

INSERT INTO `dpt` (`dptid`, `dname`) VALUES
(1, 'IT & ICT'),
(2, 'الکترونیک'),
(3, 'قدرت'),
(4, 'حسابداری'),
(5, 'عمران'),
(6, 'نرم افزار'),
(7, 'معماری'),
(8, 'مدیریت'),
(9, 'مهندسی پزشکی'),
(10, 'مخابرات'),
(11, 'سخت افزار');

-- --------------------------------------------------------

--
-- Table structure for table `dpt_user`
--

CREATE TABLE IF NOT EXISTS `dpt_user` (
  `dptid` int(11) NOT NULL DEFAULT '0',
  `uid` int(11) NOT NULL DEFAULT '0',
  `D` tinyint(1) DEFAULT '0',
  `S` tinyint(1) DEFAULT '0',
  `I` tinyint(1) DEFAULT '0',
  `U` tinyint(1) DEFAULT '0',
  PRIMARY KEY (`dptid`,`uid`)
) ENGINE=InnoDB DEFAULT CHARSET=latin1;

--
-- Dumping data for table `dpt_user`
--

INSERT INTO `dpt_user` (`dptid`, `uid`, `D`, `S`, `I`, `U`) VALUES
(1, 1, 1, 1, 1, 1),
(1, 11, 1, 1, 1, 1),
(1, 12, 1, 1, 1, 1),
(1, 21, 0, 1, 0, 0),
(2, 1, 1, 1, 1, 1),
(2, 13, 1, 1, 1, 1),
(2, 14, 1, 1, 1, 1),
(3, 1, 1, 1, 1, 1),
(3, 15, 1, 1, 1, 1),
(3, 16, 1, 1, 1, 1),
(4, 1, 1, 1, 1, 1),
(4, 8, 1, 1, 1, 1),
(5, 1, 1, 1, 1, 1),
(5, 18, 1, 1, 1, 1),
(6, 1, 1, 1, 1, 1),
(6, 9, 1, 1, 1, 1),
(6, 10, 1, 1, 1, 1),
(7, 1, 1, 1, 1, 1),
(7, 19, 1, 1, 1, 1),
(8, 0, 1, 1, 1, 1),
(8, 1, 1, 1, 1, 1),
(8, 4, 1, 1, 1, 1),
(9, 1, 1, 1, 1, 1),
(9, 17, 1, 1, 1, 1),
(9, 20, 1, 1, 1, 1),
(10, 0, 1, 1, 1, 1),
(10, 1, 1, 1, 1, 1),
(10, 2, 1, 1, 1, 1),
(11, 0, 1, 1, 1, 1),
(11, 1, 1, 1, 1, 1),
(11, 3, 1, 1, 1, 1);

-- --------------------------------------------------------

--
-- Table structure for table `entry`
--

CREATE TABLE IF NOT EXISTS `entry` (
  `eid` int(11) NOT NULL AUTO_INCREMENT,
  `ename` varchar(100) CHARACTER SET utf8 DEFAULT NULL,
  UNIQUE KEY `eid` (`eid`)
) ENGINE=InnoDB  DEFAULT CHARSET=latin1 AUTO_INCREMENT=21 ;

--
-- Dumping data for table `entry`
--

INSERT INTO `entry` (`eid`, `ename`) VALUES
(1, 'مهر 88'),
(2, 'مهر 89'),
(3, 'مهر 90'),
(5, 'مهر 91'),
(6, 'مهر 92'),
(7, 'بهمن 88'),
(8, 'بهمن 89'),
(9, 'بهمن 90'),
(10, 'بهمن 91'),
(11, 'بهمن 92'),
(12, 'متفرقه'),
(13, 'مهر 89 (بخش دوم)'),
(14, 'مهر 90(بخش دوم)'),
(15, 'مهر 92 (بخش دوم)'),
(16, 'مهر 91 (بخش دوم)'),
(17, 'بهمن 89 (بخش دوم)'),
(18, 'بهمن 90 (بخش دوم)'),
(19, 'بهمن 91 (بخش دوم)'),
(20, 'بهمن 92 (بخش دوم)');

-- --------------------------------------------------------

--
-- Table structure for table `major`
--

CREATE TABLE IF NOT EXISTS `major` (
  `mid` int(11) NOT NULL AUTO_INCREMENT,
  `mname` varchar(100) CHARACTER SET utf8 DEFAULT NULL,
  `std_num` int(11) DEFAULT NULL,
  `kardani_p` tinyint(1) NOT NULL,
  `kardani_n` tinyint(1) NOT NULL,
  `karshenasi_p` tinyint(1) DEFAULT NULL,
  `karshenasi_n` tinyint(1) DEFAULT NULL,
  `karshenasi_a` tinyint(1) DEFAULT NULL,
  `dptid` int(11) DEFAULT NULL,
  UNIQUE KEY `mid` (`mid`)
) ENGINE=InnoDB  DEFAULT CHARSET=latin1 AUTO_INCREMENT=45 ;

--
-- Dumping data for table `major`
--

INSERT INTO `major` (`mid`, `mname`, `std_num`, `kardani_p`, `kardani_n`, `karshenasi_p`, `karshenasi_n`, `karshenasi_a`, `dptid`) VALUES
(23, 'برق صنعتی', 0, 1, 0, 0, 0, 0, 3),
(24, 'الکترونیک عمومی', 0, 1, 0, 0, 0, 0, 2),
(25, 'حسابداری', 0, 1, 0, 1, 1, 0, 4),
(26, 'نقشه برداری', 0, 1, 0, 0, 0, 0, 5),
(27, 'نرم افزار', 0, 1, 0, 0, 1, 0, 6),
(28, 'تعمیرو نگهداری ماشینهای الکتریکی', 0, 1, 0, 0, 0, 0, 3),
(29, 'تاسیسات الکتریکی', 0, 1, 0, 0, 0, 0, 3),
(30, 'الکترونیک', 0, 0, 1, 1, 1, 1, 2),
(31, 'قدرت', 0, 0, 0, 1, 1, 0, 3),
(32, 'IT', 0, 0, 0, 1, 0, 0, 1),
(33, 'معماری', 0, 0, 0, 1, 1, 0, 7),
(34, 'معماری داخلی', 0, 0, 0, 1, 0, 0, 7),
(35, 'مدیریت صنعتی', 0, 0, 0, 1, 0, 0, 8),
(36, 'مهندسی پزشکی', 0, 0, 0, 1, 0, 0, 9),
(37, 'مهندسی کامپیوتر-نرم افزار', 0, 0, 0, 1, 0, 0, 6),
(38, 'مهندسی عمران', 0, 0, 0, 1, 0, 0, 5),
(39, 'ICT- کاربرد', 0, 0, 0, 0, 1, 0, 1),
(40, 'ICT- مدیریت ', 0, 0, 0, 0, 1, 0, 1),
(41, 'مخابرات', 0, 0, 0, 0, 1, 0, 10),
(42, 'مهندسی تکنولوژی عمران', 0, 0, 0, 0, 1, 0, 5),
(43, 'سخت افزار', 0, 0, 0, 0, 1, 0, 11),
(44, 'شهرسازی', 0, 0, 0, 1, 0, 0, 7);

-- --------------------------------------------------------

--
-- Table structure for table `major_entry`
--

CREATE TABLE IF NOT EXISTS `major_entry` (
  `mid` int(11) DEFAULT NULL,
  `eid` int(11) DEFAULT NULL
) ENGINE=InnoDB DEFAULT CHARSET=latin1;

--
-- Dumping data for table `major_entry`
--

INSERT INTO `major_entry` (`mid`, `eid`) VALUES
(39, 8),
(39, 9),
(39, 10),
(39, 2),
(39, 3),
(39, 5),
(39, 6),
(41, 9),
(41, 10),
(41, 11),
(41, 12),
(41, 3),
(41, 5),
(43, 8),
(43, 9),
(43, 10),
(43, 11),
(43, 12),
(43, 3),
(43, 5),
(43, 6),
(35, 7),
(35, 9),
(35, 18),
(35, 10),
(35, 11),
(35, 12),
(35, 1),
(35, 3),
(35, 5),
(35, 6),
(32, 7),
(32, 8),
(32, 9),
(32, 10),
(32, 11),
(32, 12),
(32, 1),
(32, 2),
(32, 3),
(32, 5),
(32, 6),
(24, 8),
(24, 9),
(24, 10),
(24, 12),
(24, 3),
(24, 5),
(30, 7),
(30, 8),
(30, 9),
(30, 10),
(30, 11),
(30, 12),
(30, 1),
(30, 2),
(30, 3),
(30, 5),
(30, 6),
(28, 11),
(28, 12),
(28, 6),
(26, 11),
(26, 12),
(26, 6),
(38, 11),
(38, 12),
(38, 6),
(42, 11),
(42, 12),
(42, 6),
(33, 11),
(33, 20),
(33, 12),
(33, 5),
(33, 16),
(33, 6),
(33, 15),
(36, 10),
(36, 11),
(36, 12),
(36, 5),
(36, 6),
(36, 15),
(37, 7),
(37, 8),
(37, 9),
(37, 10),
(37, 11),
(37, 12),
(37, 1),
(37, 2),
(37, 3),
(37, 5),
(37, 6),
(25, 9),
(25, 10),
(25, 11),
(25, 12),
(25, 3),
(25, 5),
(25, 16),
(25, 6),
(40, 12),
(40, 5),
(23, 9),
(23, 18),
(23, 10),
(23, 19),
(23, 11),
(23, 20),
(23, 12),
(23, 3),
(23, 14),
(23, 5),
(23, 16),
(23, 6),
(23, 15),
(29, 9),
(29, 18),
(29, 10),
(29, 19),
(29, 11),
(29, 20),
(29, 12),
(29, 3),
(29, 14),
(29, 5),
(29, 16),
(29, 6),
(29, 15),
(31, 10),
(31, 19),
(31, 11),
(31, 20),
(31, 12),
(31, 5),
(31, 16),
(31, 6),
(31, 15),
(34, 11),
(34, 20),
(34, 12),
(34, 6),
(34, 15),
(27, 9),
(27, 10),
(27, 11),
(27, 12),
(27, 3),
(27, 5),
(27, 16),
(27, 6),
(27, 15);

-- --------------------------------------------------------

--
-- Table structure for table `program`
--

CREATE TABLE IF NOT EXISTS `program` (
  `pid` int(11) NOT NULL AUTO_INCREMENT,
  `level` int(100) DEFAULT NULL,
  `term` varchar(100) CHARACTER SET utf8 DEFAULT NULL,
  `entryid` int(100) DEFAULT NULL,
  `cid` int(11) DEFAULT NULL,
  `tid` int(11) DEFAULT NULL,
  `day` int(11) DEFAULT NULL,
  `from` int(11) DEFAULT NULL,
  `to` int(11) DEFAULT NULL,
  `clid` int(11) DEFAULT NULL,
  `mid` int(11) DEFAULT NULL,
  UNIQUE KEY `pid` (`pid`)
) ENGINE=InnoDB  DEFAULT CHARSET=latin1 AUTO_INCREMENT=872 ;

--
-- Dumping data for table `program`
--

INSERT INTO `program` (`pid`, `level`, `term`, `entryid`, `cid`, `tid`, `day`, `from`, `to`, `clid`, `mid`) VALUES
(1, 4, 'اول 92-93', 6, 81200, 244, 2, 1, 3, 401, 43),
(3, 4, 'اول 92-93', 6, 53107, 119, 5, 4, 6, 302, 43),
(4, 4, 'اول 92-93', 6, 51104, 691, 5, 7, 8, 402, 43),
(5, 4, 'اول 92-93', 6, 52401, 574, 6, 4, 6, 301, 43),
(6, 4, 'اول 92-93', 6, 61208, 565, 6, 7, 9, 503, 43),
(7, 4, 'اول 92-93', 5, 53104, 449, 1, 4, 6, 602, 43),
(8, 4, 'اول 92-93', 5, 53103, 370, 1, 7, 9, 603, 43),
(9, 4, 'اول 92-93', 5, 53106, 385, 2, 7, 9, 503, 43),
(10, 4, 'اول 92-93', 5, 53105, 385, 2, 10, 12, 503, 43),
(11, 4, 'اول 92-93', 5, 61314, 121, 6, 4, 6, 302, 43),
(12, 4, 'اول 92-93', 5, 51102, 185, 6, 7, 8, 409, 43),
(13, 4, 'اول 92-93', 12, 81207, 449, 1, 1, 3, 603, 43),
(15, 4, 'اول 92-93', 12, 61313, 119, 5, 1, 3, 302, 43),
(16, 4, 'اول 92-93', 12, 51306, 683, 5, 10, 12, 307, 43),
(17, 4, 'اول 92-93', 12, 53101, 574, 6, 1, 3, 204, 43),
(18, 3, 'اول 92-93', 12, 61801, 216, 2, 9, 10, 201, 30),
(19, 3, 'اول 92-93', 12, 61801, 216, 3, 9, 10, 201, 30),
(20, 3, 'اول 92-93', 5, 40316, 216, 2, 7, 8, 210, 30),
(21, 3, 'اول 92-93', 5, 40316, 216, 3, 7, 8, 210, 30),
(22, 3, 'اول 92-93', 6, 41301, 130, 5, 1, 3, 202, 30),
(24, 3, 'اول 92-93', 5, 61304, 130, 6, 4, 6, 201, 30),
(25, 3, 'اول 92-93', 3, 40515, 130, 6, 7, 9, 202, 30),
(26, 3, 'اول 92-93', 11, 40102, 448, 2, 1, 3, 209, 35),
(28, 3, 'اول 92-93', 5, 52506, 367, 2, 4, 6, 202, 30),
(29, 3, 'اول 92-93', 11, 71602, 523, 2, 7, 8, 704, 35),
(30, 3, 'اول 92-93', 3, 61810, 367, 2, 7, 9, 209, 30),
(31, 3, 'اول 92-93', 5, 52411, 6, 6, 2, 3, 308, 30),
(32, 3, 'اول 92-93', 12, 61805, 6, 4, 7, 8, 308, 30),
(33, 4, 'اول 92-93', 5, 52409, 367, 5, 1, 3, 209, 30),
(34, 4, 'اول 92-93', 5, 52409, 367, 5, 4, 6, 204, 30),
(35, 4, 'اول 92-93', 5, 52303, 121, 6, 2, 3, 302, 30),
(36, 4, 'اول 92-93', 10, 52410, 438, 6, 7, 8, 302, 30),
(37, 4, 'اول 92-93', 10, 52304, 6, 6, 4, 6, 308, 30),
(38, 4, 'اول 92-93', 6, 52301, 193, 6, 1, 3, 402, 30),
(39, 4, 'اول 92-93', 6, 52401, 130, 2, 1, 3, 403, 30),
(40, 4, 'اول 92-93', 6, 52401, 130, 2, 4, 6, 403, 30),
(41, 4, 'اول 92-93', 6, 52306, 130, 3, 1, 3, 303, 30),
(42, 4, 'اول 92-93', 6, 52306, 130, 3, 4, 6, 303, 30),
(43, 4, 'اول 92-93', 6, 52203, 244, 3, 1, 3, 301, 30),
(44, 4, 'اول 92-93', 6, 52203, 244, 3, 4, 6, 301, 30),
(45, 3, 'اول 92-93', 10, 71201, 81, 3, 1, 3, 202, 35),
(46, 4, 'اول 92-93', 6, 52305, 397, 2, 7, 10, 407, 30),
(47, 3, 'اول 92-93', 5, 71202, 81, 6, 1, 3, 209, 35),
(48, 4, 'اول 92-93', 6, 52305, 397, 3, 7, 10, 407, 30),
(49, 3, 'اول 92-93', 5, 71303, 638, 6, 4, 6, 202, 35),
(50, 3, 'اول 92-93', 5, 71401, 331, 1, 4, 6, 209, 35),
(51, 4, 'اول 92-93', 6, 52411, 596, 6, 5, 6, 303, 30),
(52, 4, 'اول 92-93', 6, 52301, 193, 6, 7, 9, 402, 30),
(53, 4, 'اول 92-93', 6, 51102, 523, 6, 7, 8, 616, 30),
(54, 4, 'اول 92-93', 6, 51102, 523, 6, 11, 12, 616, 30),
(55, 4, 'اول 92-93', 10, 52504, 476, 1, 1, 3, 301, 30),
(56, 4, 'اول 92-93', 10, 52405, 624, 1, 4, 6, 603, 30),
(57, 4, 'اول 92-93', 10, 2001, 550, 1, 9, 10, 409, 30),
(58, 4, 'اول 92-93', 10, 52407, 389, 6, 2, 3, 304, 30),
(59, 4, 'اول 92-93', 5, 52406, 624, 1, 7, 8, 401, 30),
(60, 4, 'اول 92-93', 5, 52406, 624, 1, 10, 11, 401, 30),
(61, 4, 'اول 92-93', 5, 51102, 185, 6, 10, 11, 309, 30),
(62, 3, 'اول 92-93', 12, 61805, 6, 6, 7, 8, 308, 30),
(63, 3, 'اول 92-93', 12, 52203, 244, 2, 10, 11, 401, 30),
(64, 3, 'اول 92-93', 5, 40317, 336, 3, 4, 6, 403, 30),
(65, 3, 'اول 92-93', 5, 40105, 691, 3, 9, 10, 402, 30),
(66, 3, 'اول 92-93', 5, 61802, 421, 6, 7, 9, 604, 30),
(67, 3, 'اول 92-93', 6, 42104, 523, 5, 4, 6, 604, 30),
(68, 3, 'اول 92-93', 6, 61202, 336, 1, 4, 6, 702, 30),
(69, 3, 'اول 92-93', 6, 61206, 465, 2, 4, 6, 407, 30),
(70, 3, 'اول 92-93', 6, 61203, 697, 2, 7, 9, 202, 30),
(71, 3, 'اول 92-93', 3, 61807, 596, 4, 4, 6, 303, 30),
(72, 1, 'اول 92-93', 12, 44109, 381, 1, 1, 3, 401, 24),
(73, 1, 'اول 92-93', 12, 40311, 421, 2, 7, 8, 401, 24),
(75, 1, 'اول 92-93', 12, 40513, 389, 6, 4, 6, 401, 24),
(76, 1, 'اول 92-93', 12, 43108, 596, 6, 7, 8, 303, 24),
(77, 2, 'اول 92-93', 12, 40309, 574, 6, 7, 10, 204, 30),
(79, 1, 'اول 92-93', 12, 40403, 412, 3, 1, 3, 603, 24),
(80, 1, 'اول 92-93', 12, 42203, 244, 4, 1, 3, 402, 24),
(81, 1, 'اول 92-93', 12, 44108, 411, 4, 7, 8, 402, 24),
(82, 1, 'اول 92-93', 12, 44107, 411, 4, 9, 10, 402, 24),
(83, 1, 'اول 92-93', 12, 44117, 412, 3, 4, 6, 603, 24),
(84, 3, 'اول 92-93', 11, 61302, 627, 2, 1, 3, 304, 32),
(85, 3, 'اول 92-93', 6, 61306, 344, 6, 1, 3, 407, 32),
(87, 3, 'اول 92-93', 6, 61306, 344, 6, 4, 6, 407, 32),
(88, 4, 'اول 92-93', 10, 51703, 596, 1, 1, 3, 308, 31),
(91, 3, 'اول 92-93', 6, 61301, 627, 6, 1, 3, 409, 32),
(92, 3, 'اول 92-93', 6, 61301, 627, 6, 4, 6, 409, 32),
(93, 3, 'اول 92-93', 5, 71304, 256, 1, 1, 3, 209, 35),
(99, 3, 'اول 92-93', 5, 61309, 344, 4, 4, 6, 402, 32),
(100, 3, 'اول 92-93', 5, 61321, 344, 4, 7, 8, 407, 32),
(101, 3, 'اول 92-93', 5, 61310, 627, 5, 4, 6, 402, 32),
(103, 4, 'اول 92-93', 9, 56108, 476, 2, 1, 3, 308, 41),
(104, 4, 'اول 92-93', 9, 56111, 476, 2, 4, 6, 308, 41),
(106, 3, 'اول 92-93', 3, 61407, 344, 5, 4, 6, 407, 32),
(108, 4, 'اول 92-93', 9, 56112, 416, 2, 7, 9, 308, 41),
(109, 4, 'اول 92-93', 9, 56107, 416, 2, 10, 11, 308, 41),
(113, 4, 'اول 92-93', 9, 56121, 746, 4, 1, 3, 209, 41),
(116, 4, 'اول 92-93', 9, 56103, 485, 4, 5, 6, 204, 41),
(117, 4, 'اول 92-93', 9, 56102, 476, 4, 7, 8, 403, 41),
(118, 3, 'اول 92-93', 5, 71407, 150, 2, 3, 4, 204, 35),
(119, 4, 'اول 92-93', 9, 56133, 102, 3, 7, 9, 0, 41),
(121, 3, 'اول 92-93', 5, 71208, 744, 1, 7, 9, 107, 35),
(122, 4, 'اول 92-93', 9, 56110, 102, 3, 10, 12, 0, 41),
(123, 3, 'اول 92-93', 6, 71204, 331, 2, 1, 3, 202, 35),
(124, 3, 'اول 92-93', 6, 71108, 523, 2, 4, 6, 704, 35),
(125, 3, 'اول 92-93', 2, 61511, 627, 5, 1, 3, 304, 32),
(130, 1, 'اول 92-93', 10, 40403, 262, 1, 1, 3, 309, 23),
(131, 1, 'اول 92-93', 10, 40403, 262, 1, 4, 6, 309, 23),
(132, 1, 'اول 92-93', 10, 40403, 262, 4, 7, 9, 309, 23),
(133, 3, 'اول 92-93', 5, 61802, 262, 2, 1, 3, 309, 31),
(134, 3, 'اول 92-93', 5, 61801, 262, 4, 1, 3, 308, 31),
(135, 3, 'اول 92-93', 11, 61401, 742, 5, 4, 6, 602, 32),
(136, 3, 'اول 92-93', 6, 61318, 207, 5, 4, 6, 304, 32),
(137, 3, 'اول 92-93', 5, 61315, 628, 4, 1, 3, 409, 32),
(138, 3, 'اول 92-93', 5, 61305, 492, 5, 1, 3, 409, 32),
(139, 3, 'اول 92-93', 3, 61405, 207, 5, 1, 3, 407, 32),
(140, 3, 'اول 92-93', 11, 61203, 626, 4, 1, 3, 202, 38),
(141, 3, 'اول 92-93', 11, 621301, 626, 4, 4, 6, 201, 38),
(142, 3, 'اول 92-93', 3, 61410, 742, 5, 7, 9, 202, 32),
(143, 3, 'اول 92-93', 3, 61312, 269, 6, 1, 3, 307, 32),
(144, 3, 'اول 92-93', 11, 62125, 709, 4, 9, 10, 202, 38),
(146, 3, 'اول 92-93', 3, 61314, 460, 6, 4, 6, 402, 32),
(147, 3, 'اول 92-93', 3, 71302, 109, 4, 7, 9, 409, 32),
(148, 3, 'اول 92-93', 11, 61202, 244, 5, 7, 9, 308, 38),
(149, 3, 'اول 92-93', 11, 40102, 680, 5, 10, 12, 403, 38),
(150, 3, 'اول 92-93', 11, 42302, 747, 5, 4, 6, 3, 38),
(151, 3, 'اول 92-93', 11, 42302, 747, 5, 1, 3, 3, 38),
(152, 3, 'اول 92-93', 11, 42102, 431, 4, 7, 8, 408, 38),
(153, 4, 'اول 92-93', 11, 61202, 244, 4, 7, 9, 302, 42),
(155, 4, 'اول 92-93', 11, 61203, 626, 5, 1, 3, 201, 42),
(156, 4, 'اول 92-93', 11, 51906, 698, 5, 9, 11, 201, 42),
(157, 4, 'اول 92-93', 11, 51919, 668, 5, 7, 8, 303, 42),
(158, 4, 'اول 92-93', 11, 51916, 77, 5, 4, 6, 102, 42),
(159, 4, 'اول 92-93', 11, 51921, 748, 6, 3, 4, 303, 42),
(160, 4, 'اول 92-93', 11, 51102, 185, 6, 5, 6, 304, 42),
(161, 4, 'اول 92-93', 11, 51907, 626, 6, 7, 9, 201, 42),
(162, 3, 'اول 92-93', 11, 71601, 81, 2, 9, 10, 704, 35),
(164, 1, 'اول 92-93', 11, 42011, 709, 4, 1, 2, 204, 26),
(166, 1, 'اول 92-93', 11, 42012, 709, 4, 3, 6, 104, 26),
(168, 3, 'اول 92-93', 11, 42101, 737, 5, 1, 2, 204, 35),
(169, 1, 'اول 92-93', 11, 42009, 709, 4, 7, 8, 202, 26),
(170, 3, 'اول 92-93', 6, 71207, 386, 3, 1, 3, 204, 35),
(171, 3, 'اول 92-93', 6, 40105, 691, 3, 5, 6, 204, 35),
(172, 1, 'اول 92-93', 11, 42006, 730, 4, 9, 12, 204, 26),
(173, 1, 'اول 92-93', 11, 40204, 490, 5, 1, 3, 210, 26),
(174, 1, 'اول 92-93', 11, 42104, 617, 5, 4, 6, 210, 26),
(175, 3, 'اول 92-93', 6, 71212, 479, 5, 1, 3, 309, 35),
(176, 1, 'اول 92-93', 11, 51705, 709, 5, 7, 12, 3, 26),
(177, 1, 'اول 92-93', 11, 42102, 710, 6, 1, 2, 210, 26),
(178, 1, 'اول 92-93', 11, 42010, 735, 6, 3, 6, 408, 26),
(180, 1, 'اول 92-93', 11, 42008, 735, 6, 7, 8, 304, 26),
(181, 3, 'اول 92-93', 11, 71203, 331, 2, 4, 6, 209, 35),
(182, 3, 'اول 92-93', 6, 71205, 784, 5, 4, 6, 202, 35),
(183, 3, 'اول 92-93', 11, 71301, 479, 5, 4, 6, 309, 35),
(184, 3, 'اول 92-93', 10, 71603, 386, 3, 4, 6, 202, 35),
(185, 3, 'اول 92-93', 10, 71406, 150, 2, 5, 6, 204, 35),
(186, 3, 'اول 92-93', 10, 71307, 331, 2, 7, 9, 302, 35),
(187, 3, 'اول 92-93', 10, 71209, 439, 4, 1, 3, 302, 35),
(188, 3, 'اول 92-93', 10, 71302, 638, 6, 1, 3, 202, 35),
(189, 3, 'اول 92-93', 10, 40105, 664, 6, 5, 6, 209, 35),
(190, 3, 'اول 92-93', 3, 71414, 256, 1, 4, 6, 202, 35),
(191, 3, 'اول 92-93', 3, 51102, 576, 1, 7, 8, 202, 35),
(192, 3, 'اول 92-93', 3, 71409, 150, 2, 1, 2, 201, 35),
(193, 3, 'اول 92-93', 3, 71405, 398, 5, 7, 9, 204, 35),
(194, 3, 'اول 92-93', 3, 71404, 611, 6, 7, 9, 403, 35),
(195, 3, 'اول 92-93', 3, 71309, 272, 6, 4, 6, 204, 35),
(197, 3, 'اول 92-93', 3, 2002, 606, 5, 5, 6, 403, 35),
(198, 3, 'اول 92-93', 3, 2002, 693, 5, 5, 6, 308, 35),
(199, 3, 'اول 92-93', 3, 71415, 84, 6, 1, 3, 403, 35),
(200, 1, 'اول 92-93', 5, 43111, 270, 1, 1, 3, 307, 27),
(201, 1, 'اول 92-93', 5, 43111, 270, 1, 4, 6, 307, 27),
(202, 1, 'اول 92-93', 5, 41504, 583, 1, 1, 3, 302, 27),
(203, 1, 'اول 92-93', 5, 5301, 726, 1, 4, 6, 304, 27),
(204, 1, 'اول 92-93', 5, 5301, 726, 1, 7, 9, 304, 27),
(205, 1, 'اول 92-93', 5, 41504, 583, 1, 7, 9, 302, 27),
(206, 1, 'اول 92-93', 9, 41504, 583, 1, 4, 6, 302, 27),
(207, 1, 'اول 92-93', 9, 43111, 270, 1, 7, 9, 307, 27),
(208, 1, 'اول 92-93', 6, 5301, 726, 1, 1, 3, 304, 27),
(212, 3, 'اول 92-93', 5, 61802, 476, 2, 7, 9, 402, 36),
(213, 3, 'اول 92-93', 5, 40316, 628, 5, 7, 9, 302, 36),
(214, 3, 'اول 92-93', 5, 62017, 501, 6, 7, 8, 408, 36),
(215, 3, 'اول 92-93', 5, 61304, 130, 5, 4, 6, 408, 36),
(216, 1, 'اول 92-93', 6, 61306, 430, 1, 7, 10, 303, 27),
(217, 3, 'اول 92-93', 5, 62008, 751, 2, 4, 6, 408, 36),
(219, 1, 'اول 92-93', 6, 42104, 734, 1, 1, 3, 210, 27),
(220, 1, 'اول 92-93', 6, 42104, 734, 1, 4, 6, 210, 27),
(221, 1, 'اول 92-93', 6, 43102, 755, 3, 1, 3, 4, 27),
(222, 3, 'اول 92-93', 5, 62007, 616, 6, 5, 6, 604, 36),
(223, 1, 'اول 92-93', 6, 43102, 755, 3, 4, 6, 4, 27),
(224, 3, 'اول 92-93', 5, 62022, 634, 6, 1, 2, 514, 36),
(225, 3, 'اول 92-93', 5, 62022, 634, 6, 3, 4, 514, 36),
(226, 1, 'اول 92-93', 6, 61306, 430, 3, 7, 10, 302, 27),
(227, 1, 'اول 92-93', 6, 61306, 430, 4, 7, 10, 303, 27),
(228, 3, 'اول 92-93', 6, 42104, 547, 1, 1, 3, 707, 36),
(229, 3, 'اول 92-93', 6, 42104, 547, 1, 4, 6, 707, 36),
(232, 3, 'اول 92-93', 6, 61202, 336, 1, 1, 3, 706, 36),
(233, 3, 'اول 92-93', 6, 61206, 528, 1, 4, 6, 703, 36),
(235, 3, 'اول 92-93', 12, 61801, 596, 4, 1, 3, 304, 36),
(236, 1, 'اول 92-93', 6, 43103, 524, 4, 1, 2, 0, 27),
(237, 3, 'اول 92-93', 12, 62002, 752, 2, 1, 3, 301, 36),
(238, 3, 'اول 92-93', 12, 41301, 507, 5, 1, 3, 607, 36),
(239, 1, 'اول 92-93', 6, 43103, 524, 4, 3, 4, 0, 27),
(240, 4, 'اول 92-93', 6, 61809, 596, 1, 4, 6, 308, 31),
(241, 1, 'اول 92-93', 6, 43103, 524, 4, 5, 6, 0, 27),
(243, 3, 'اول 92-93', 6, 61202, 244, 1, 7, 9, 301, 36),
(244, 3, 'اول 92-93', 6, 61206, 350, 1, 7, 9, 706, 36),
(245, 3, 'اول 92-93', 6, 61208, 319, 3, 1, 2, 503, 36),
(248, 3, 'اول 92-93', 6, 61208, 319, 3, 3, 4, 503, 36),
(250, 3, 'اول 92-93', 6, 61208, 319, 3, 5, 6, 503, 36),
(252, 3, 'اول 92-93', 6, 62006, 407, 3, 5, 6, 604, 36),
(253, 3, 'اول 92-93', 6, 62006, 407, 3, 3, 4, 604, 36),
(254, 1, 'اول 92-93', 9, 54124, 750, 2, 1, 2, 302, 27),
(257, 3, 'اول 92-93', 6, 42102, 438, 3, 7, 8, 706, 36),
(258, 1, 'اول 92-93', 9, 43109, 524, 2, 1, 2, 4, 27),
(259, 1, 'اول 92-93', 9, 61320, 524, 2, 3, 4, 4, 27),
(260, 1, 'اول 92-93', 9, 43109, 524, 2, 5, 6, 4, 27),
(261, 3, 'اول 92-93', 6, 61203, 407, 4, 1, 3, 307, 36),
(262, 4, 'اول 92-93', 6, 51709, 6, 4, 1, 3, 403, 31),
(263, 4, 'اول 92-93', 6, 51709, 6, 4, 4, 6, 308, 31),
(264, 3, 'اول 92-93', 6, 61203, 268, 4, 4, 6, 703, 36),
(265, 1, 'اول 92-93', 5, 43112, 750, 2, 3, 4, 409, 27),
(266, 1, 'اول 92-93', 5, 43112, 750, 2, 5, 6, 409, 27),
(268, 1, 'اول 92-93', 5, 43114, 749, 2, 7, 10, 204, 27),
(269, 3, 'اول 92-93', 6, 62002, 77, 4, 1, 3, 706, 36),
(270, 3, 'اول 92-93', 6, 62002, 77, 4, 4, 6, 706, 36),
(271, 3, 'اول 92-93', 5, 40105, 431, 2, 11, 12, 304, 36),
(272, 1, 'اول 92-93', 5, 43114, 749, 4, 7, 10, 209, 27),
(273, 1, 'اول 92-93', 5, 41311, 493, 4, 1, 3, 210, 27),
(274, 1, 'اول 92-93', 5, 41311, 493, 4, 4, 6, 210, 27),
(275, 4, 'اول 92-93', 6, 51202, 59, 2, 1, 3, 303, 27),
(276, 4, 'اول 92-93', 6, 51202, 59, 2, 4, 6, 210, 27),
(277, 4, 'اول 92-93', 6, 51302, 372, 2, 1, 3, 210, 27),
(278, 4, 'اول 92-93', 6, 51302, 372, 2, 4, 6, 201, 27),
(279, 4, 'اول 92-93', 11, 61304, 382, 2, 4, 6, 616, 31),
(280, 1, 'اول 92-93', 9, 43113, 460, 6, 1, 3, 309, 27),
(281, 1, 'اول 92-93', 9, 43115, 581, 6, 5, 6, 210, 27),
(282, 1, 'اول 92-93', 5, 61303, 430, 6, 7, 9, 209, 27),
(283, 1, 'اول 92-93', 10, 40403, 262, 4, 10, 12, 308, 23),
(284, 3, 'اول 92-93', 2, 51401, 713, 5, 4, 6, 409, 32),
(285, 3, 'اول 92-93', 2, 61512, 477, 6, 9, 11, 302, 32),
(286, 4, 'اول 92-93', 6, 51303, 339, 2, 7, 9, 301, 27),
(287, 4, 'اول 92-93', 6, 51308, 492, 3, 1, 3, 307, 27),
(288, 4, 'اول 92-93', 6, 51308, 492, 3, 4, 6, 307, 27),
(289, 4, 'اول 92-93', 6, 61316, 713, 3, 4, 6, 302, 27),
(290, 4, 'اول 92-93', 6, 61316, 713, 3, 1, 3, 302, 27),
(291, 4, 'اول 92-93', 6, 51104, 691, 4, 1, 2, 602, 27),
(292, 4, 'اول 92-93', 11, 51705, 501, 4, 7, 8, 3, 31),
(293, 4, 'اول 92-93', 6, 51104, 691, 4, 3, 4, 602, 27),
(294, 4, 'اول 92-93', 11, 51705, 501, 4, 9, 10, 3, 31),
(295, 4, 'اول 92-93', 6, 51104, 691, 4, 5, 6, 602, 27),
(296, 4, 'اول 92-93', 6, 51304, 324, 3, 7, 8, 308, 27),
(297, 3, 'اول 92-93', 6, 41301, 501, 4, 1, 3, 3, 31),
(298, 3, 'اول 92-93', 6, 41301, 501, 4, 4, 6, 3, 31),
(299, 4, 'اول 92-93', 6, 51304, 324, 4, 7, 8, 304, 27),
(300, 4, 'اول 92-93', 6, 51304, 324, 4, 5, 6, 304, 27),
(301, 3, 'اول 92-93', 6, 61202, 325, 3, 1, 3, 616, 31),
(302, 4, 'اول 92-93', 6, 51304, 324, 4, 3, 4, 204, 27),
(303, 4, 'اول 92-93', 6, 51307, 321, 5, 1, 3, 4, 27),
(304, 3, 'اول 92-93', 6, 61203, 325, 3, 4, 6, 616, 31),
(305, 3, 'اول 92-93', 6, 42104, 468, 3, 7, 9, 607, 31),
(306, 3, 'اول 92-93', 6, 40317, 425, 6, 1, 3, 604, 31),
(307, 3, 'اول 92-93', 6, 61206, 708, 6, 4, 6, 603, 31),
(308, 3, 'اول 92-93', 5, 40316, 628, 5, 4, 6, 310, 31),
(309, 3, 'اول 92-93', 5, 52506, 367, 5, 7, 9, 210, 31),
(310, 1, 'اول 92-93', 5, 43106, 628, 6, 1, 2, 301, 27),
(311, 4, 'اول 92-93', 5, 54109, 476, 5, 5, 6, 209, 39),
(312, 1, 'اول 92-93', 5, 43106, 628, 6, 3, 4, 210, 27),
(313, 4, 'اول 92-93', 6, 51405, 270, 5, 1, 3, 307, 27),
(314, 4, 'اول 92-93', 6, 51405, 270, 5, 4, 6, 301, 27),
(315, 4, 'اول 92-93', 6, 51405, 270, 5, 7, 9, 307, 27),
(316, 4, 'اول 92-93', 6, 61316, 713, 5, 7, 9, 401, 27),
(317, 4, 'اول 92-93', 5, 54110, 477, 6, 5, 6, 403, 39),
(318, 4, 'اول 92-93', 10, 51103, 253, 1, 1, 2, 602, 27),
(319, 4, 'اول 92-93', 10, 51103, 550, 1, 3, 4, 604, 27),
(320, 4, 'اول 92-93', 10, 51102, 576, 1, 5, 6, 604, 27),
(321, 4, 'اول 92-93', 10, 51102, 223, 1, 7, 8, 602, 27),
(322, 4, 'اول 92-93', 5, 54115, 416, 6, 1, 4, 410, 39),
(323, 4, 'اول 92-93', 10, 42314, 385, 2, 1, 3, 503, 27),
(324, 3, 'اول 92-93', 15, 42102, 431, 2, 3, 4, 707, 36),
(325, 4, 'اول 92-93', 10, 42314, 385, 2, 4, 6, 503, 27),
(326, 4, 'اول 92-93', 10, 81228, 368, 2, 1, 3, 402, 27),
(327, 4, 'اول 92-93', 10, 81228, 368, 2, 4, 6, 304, 27),
(328, 4, 'اول 92-93', 10, 51509, 466, 3, 1, 3, 209, 27),
(329, 4, 'اول 92-93', 10, 51509, 466, 3, 4, 6, 209, 27),
(330, 4, 'اول 92-93', 10, 81228, 368, 2, 7, 9, 403, 27),
(331, 4, 'اول 92-93', 10, 51504, 644, 3, 1, 3, 402, 27),
(332, 4, 'اول 92-93', 10, 51504, 644, 3, 4, 6, 402, 27),
(333, 4, 'اول 92-93', 10, 51308, 492, 3, 7, 9, 202, 27),
(334, 4, 'اول 92-93', 10, 42314, 633, 3, 10, 11, 514, 27),
(335, 4, 'اول 92-93', 5, 51509, 466, 1, 1, 3, 402, 27),
(336, 4, 'اول 92-93', 5, 51509, 466, 1, 4, 6, 402, 27),
(337, 4, 'اول 92-93', 5, 51403, 754, 1, 1, 3, 408, 27),
(338, 4, 'اول 92-93', 5, 51403, 754, 1, 4, 6, 408, 27),
(339, 4, 'اول 92-93', 5, 51305, 642, 2, 1, 3, 408, 27),
(340, 4, 'اول 92-93', 5, 51305, 642, 2, 4, 6, 302, 27),
(341, 1, 'اول 92-93', 5, 43110, 749, 3, 7, 10, 303, 27),
(342, 4, 'اول 92-93', 6, 61819, 32, 1, 4, 6, 401, 31),
(343, 4, 'اول 92-93', 6, 61819, 32, 1, 7, 9, 402, 31),
(344, 1, 'اول 92-93', 5, 42407, 77, 3, 7, 8, 602, 27),
(345, 4, 'اول 92-93', 6, 61819, 682, 1, 10, 12, 402, 31),
(348, 1, 'اول 92-93', 5, 43108, 175, 3, 1, 2, 602, 27),
(349, 1, 'اول 92-93', 5, 43105, 324, 3, 3, 3, 309, 27),
(350, 1, 'اول 92-93', 5, 43107, 728, 3, 4, 6, 502, 27),
(358, 3, 'اول 92-93', 6, 42104, 547, 2, 1, 3, 602, 37),
(359, 3, 'اول 92-93', 6, 61306, 218, 2, 4, 6, 401, 37),
(360, 3, 'اول 92-93', 5, 81204, 561, 1, 1, 2, 514, 37),
(361, 3, 'اول 92-93', 5, 51304, 324, 1, 5, 6, 403, 37),
(362, 3, 'اول 92-93', 5, 61310, 339, 2, 1, 3, 310, 37),
(363, 3, 'اول 92-93', 11, 61302, 743, 2, 7, 9, 2, 32),
(364, 3, 'اول 92-93', 11, 41002, 734, 4, 4, 6, 607, 32),
(365, 3, 'اول 92-93', 5, 81209, 216, 2, 4, 6, 410, 37),
(366, 3, 'اول 92-93', 5, 81212, 750, 2, 7, 9, 307, 37),
(367, 3, 'اول 92-93', 11, 40102, 680, 5, 7, 9, 603, 32),
(368, 3, 'اول 92-93', 5, 61304, 216, 3, 4, 6, 201, 37),
(369, 3, 'اول 92-93', 5, 61202, 325, 3, 7, 9, 604, 37),
(370, 3, 'اول 92-93', 3, 51510, 642, 2, 7, 9, 303, 37),
(371, 3, 'اول 92-93', 3, 61309, 344, 4, 1, 3, 303, 37),
(372, 3, 'اول 92-93', 3, 81207, 411, 4, 4, 6, 209, 37),
(373, 3, 'اول 92-93', 3, 61307, 134, 4, 7, 9, 307, 37),
(374, 3, 'اول 92-93', 3, 51309, 454, 6, 1, 2, 503, 37),
(375, 3, 'اول 92-93', 3, 61312, 269, 6, 4, 6, 309, 37),
(376, 3, 'اول 92-93', 3, 81211, 460, 6, 7, 9, 301, 37),
(377, 4, 'اول 92-93', 6, 81205, 59, 4, 1, 3, 401, 31),
(378, 4, 'اول 92-93', 6, 81205, 59, 4, 4, 6, 401, 31),
(380, 4, 'اول 92-93', 6, 52411, 416, 4, 7, 8, 204, 31),
(381, 4, 'اول 92-93', 6, 52411, 416, 4, 9, 10, 210, 31),
(382, 3, 'اول 92-93', 2, 81204, 561, 1, 3, 4, 514, 37),
(383, 3, 'اول 92-93', 2, 81210, 561, 1, 5, 6, 514, 37),
(384, 3, 'اول 92-93', 2, 81222, 754, 1, 7, 9, 204, 37),
(385, 3, 'اول 92-93', 2, 81227, 356, 2, 7, 9, 408, 37),
(386, 4, 'اول 92-93', 10, 52301, 628, 6, 10, 12, 310, 31),
(387, 4, 'اول 92-93', 10, 51103, 550, 1, 7, 8, 604, 31),
(388, 4, 'اول 92-93', 10, 52506, 596, 6, 1, 3, 310, 31),
(389, 4, 'اول 92-93', 10, 52506, 501, 6, 1, 3, 401, 31),
(390, 4, 'اول 92-93', 10, 52506, 501, 6, 4, 6, 310, 31),
(391, 4, 'اول 92-93', 10, 61807, 758, 6, 4, 6, 307, 31),
(392, 4, 'اول 92-93', 10, 52506, 628, 6, 7, 9, 307, 31),
(393, 4, 'اول 92-93', 10, 51706, 761, 6, 7, 9, 309, 31),
(394, 4, 'اول 92-93', 10, 61805, 766, 1, 4, 6, 310, 31),
(395, 3, 'اول 92-93', 5, 61308, 627, 3, 4, 6, 407, 32),
(396, 3, 'اول 92-93', 5, 61203, 645, 3, 7, 9, 401, 32),
(397, 3, 'اول 92-93', 5, 42102, 431, 4, 9, 10, 401, 32),
(399, 4, 'اول 92-93', 5, 51702, 762, 2, 4, 6, 104, 31),
(400, 4, 'اول 92-93', 5, 51701, 585, 2, 1, 3, 410, 31),
(401, 4, 'اول 92-93', 5, 51701, 585, 2, 4, 6, 504, 31),
(402, 3, 'اول 92-93', 11, 41001, 767, 2, 4, 6, 301, 32),
(403, 4, 'اول 92-93', 5, 51702, 762, 2, 1, 3, 603, 31),
(404, 3, 'اول 92-93', 11, 61205, 287, 4, 1, 3, 603, 32),
(405, 4, 'اول 92-93', 5, 51707, 578, 6, 1, 3, 201, 31),
(406, 3, 'اول 92-93', 6, 61206, 465, 2, 1, 3, 604, 32),
(408, 4, 'اول 92-93', 5, 51707, 578, 6, 4, 6, 108, 31),
(410, 4, 'اول 92-93', 5, 51102, 461, 6, 7, 8, 210, 31),
(411, 4, 'اول 92-93', 5, 51102, 461, 6, 10, 11, 210, 31),
(412, 3, 'اول 92-93', 6, 61201, 697, 2, 4, 6, 604, 32),
(413, 3, 'اول 92-93', 6, 40105, 431, 2, 7, 8, 604, 32),
(414, 4, 'اول 92-93', 11, 61304, 758, 2, 1, 3, 108, 31),
(415, 3, 'اول 92-93', 6, 61209, 507, 3, 1, 2, 2, 32),
(416, 4, 'اول 92-93', 11, 61202, 365, 2, 1, 3, 611, 31),
(417, 3, 'اول 92-93', 6, 61209, 507, 3, 3, 4, 2, 32),
(418, 3, 'اول 92-93', 6, 61209, 507, 3, 5, 6, 2, 32),
(419, 3, 'اول 92-93', 6, 61207, 633, 3, 1, 2, 509, 32),
(420, 4, 'اول 92-93', 11, 61203, 650, 2, 7, 9, 310, 31),
(421, 3, 'اول 92-93', 6, 61207, 633, 3, 3, 4, 509, 32),
(422, 3, 'اول 92-93', 6, 61207, 633, 3, 5, 6, 509, 32),
(423, 4, 'اول 92-93', 11, 61802, 476, 4, 1, 3, 301, 31),
(424, 3, 'اول 92-93', 6, 42104, 523, 5, 1, 3, 602, 32),
(427, 3, 'اول 92-93', 3, 61319, 741, 4, 1, 3, 2, 32),
(428, 4, 'اول 92-93', 11, 40317, 650, 4, 1, 3, 310, 31),
(429, 3, 'اول 92-93', 3, 61323, 502, 4, 4, 6, 2, 32),
(430, 4, 'اول 92-93', 11, 40317, 650, 4, 4, 6, 310, 31),
(431, 3, 'اول 92-93', 3, 61319, 502, 4, 7, 9, 2, 32),
(432, 3, 'اول 92-93', 3, 61403, 477, 6, 7, 8, 401, 32),
(433, 4, 'اول 92-93', 11, 40105, 497, 2, 9, 10, 210, 31),
(434, 4, 'اول 92-93', 10, 51711, 585, 2, 7, 9, 410, 31),
(437, 4, 'اول 92-93', 5, 54112, 452, 4, 7, 9, 506, 39),
(439, 1, 'اول 92-93', 6, 52503, 421, 2, 1, 3, 613, 23),
(440, 1, 'اول 92-93', 6, 52503, 421, 2, 4, 6, 611, 23),
(441, 1, 'اول 92-93', 6, 42104, 616, 2, 7, 9, 606, 23),
(442, 1, 'اول 92-93', 6, 42104, 468, 3, 4, 6, 606, 23),
(443, 1, 'اول 92-93', 6, 40203, 700, 3, 1, 3, 606, 23),
(444, 4, 'اول 92-93', 5, 54106, 419, 5, 1, 3, 514, 39),
(445, 1, 'اول 92-93', 6, 40205, 649, 3, 4, 6, 613, 23),
(450, 1, 'اول 92-93', 6, 52503, 476, 5, 7, 9, 304, 23),
(451, 1, 'اول 92-93', 6, 42104, 523, 6, 1, 3, 603, 23),
(452, 4, 'اول 92-93', 12, 52204, 650, 2, 4, 6, 602, 43),
(453, 4, 'اول 92-93', 6, 81205, 244, 2, 7, 9, 304, 43),
(454, 4, 'اول 92-93', 6, 53110, 194, 3, 4, 6, 210, 43),
(455, 4, 'اول 92-93', 6, 52202, 226, 2, 4, 6, 309, 43),
(456, 1, 'اول 92-93', 6, 41201, 567, 3, 1, 3, 607, 27),
(457, 1, 'اول 92-93', 6, 41201, 567, 3, 4, 6, 607, 27),
(458, 1, 'اول 92-93', 6, 42203, 351, 4, 1, 2, 604, 27),
(459, 1, 'اول 92-93', 6, 42203, 351, 4, 3, 4, 604, 27),
(460, 1, 'اول 92-93', 6, 42102, 431, 4, 5, 6, 604, 27),
(461, 1, 'اول 92-93', 15, 43102, 451, 4, 1, 3, 4, 27),
(462, 1, 'اول 92-93', 15, 43102, 451, 4, 4, 6, 4, 27),
(464, 1, 'اول 92-93', 15, 41001, 710, 4, 1, 3, 606, 27),
(465, 1, 'اول 92-93', 15, 10000, 497, 4, 4, 6, 606, 27),
(466, 1, 'اول 92-93', 6, 43102, 451, 4, 7, 9, 4, 27),
(467, 1, 'اول 92-93', 15, 43103, 633, 4, 7, 8, 0, 27),
(468, 1, 'اول 92-93', 15, 43103, 633, 4, 9, 10, 0, 27),
(470, 3, 'اول 92-93', 11, 41001, 595, 1, 4, 6, 301, 30),
(471, 1, 'اول 92-93', 6, 41003, 431, 3, 7, 8, 603, 27),
(472, 3, 'اول 92-93', 11, 61205, 32, 1, 1, 3, 403, 30),
(473, 1, 'اول 92-93', 9, 43105, 324, 6, 4, 4, 304, 27),
(475, 1, 'اول 92-93', 5, 2002, 431, 2, 1, 2, 606, 27),
(476, 1, 'اول 92-93', 5, 52410, 356, 2, 3, 4, 307, 27),
(477, 3, 'اول 92-93', 11, 61201, 595, 1, 7, 9, 309, 30),
(478, 1, 'اول 92-93', 5, 52410, 356, 2, 5, 6, 303, 27),
(479, 4, 'اول 92-93', 11, 61802, 596, 4, 10, 12, 309, 31),
(480, 4, 'اول 92-93', 6, 61809, 596, 1, 10, 12, 308, 31),
(482, 4, 'اول 92-93', 10, 61807, 757, 6, 4, 6, 606, 31),
(483, 3, 'اول 92-93', 5, 2001, 42, 4, 7, 8, 603, 31),
(484, 3, 'اول 92-93', 11, 40102, 448, 2, 4, 6, 505, 30),
(485, 3, 'اول 92-93', 11, 41002, 547, 3, 4, 6, 508, 30),
(486, 3, 'اول 92-93', 5, 619002, 756, 5, 1, 3, 303, 31),
(487, 3, 'اول 92-93', 5, 61806, 758, 2, 4, 6, 310, 31),
(488, 3, 'اول 92-93', 5, 61304, 758, 2, 7, 9, 309, 31),
(489, 1, 'اول 92-93', 6, 42310, 509, 2, 1, 3, 407, 23),
(490, 1, 'اول 92-93', 6, 42310, 509, 2, 4, 6, 402, 23),
(491, 1, 'اول 92-93', 6, 42102, 431, 3, 11, 12, 602, 23),
(492, 1, 'اول 92-93', 6, 41513, 756, 5, 4, 6, 303, 23),
(493, 1, 'اول 92-93', 6, 41513, 756, 5, 7, 9, 309, 23),
(494, 1, 'اول 92-93', 6, 40204, 494, 5, 4, 6, 603, 23),
(498, 1, 'اول 92-93', 10, 416005, 449, 1, 7, 8, 2, 29),
(499, 1, 'اول 92-93', 10, 416005, 449, 1, 9, 10, 3, 29),
(500, 1, 'اول 92-93', 10, 43108, 523, 1, 1, 2, 606, 29),
(501, 1, 'اول 92-93', 10, 43108, 523, 1, 3, 4, 606, 29),
(502, 1, 'اول 92-93', 16, 43110, 749, 1, 7, 10, 403, 27),
(503, 1, 'اول 92-93', 10, 43108, 523, 1, 5, 6, 606, 29),
(504, 1, 'اول 92-93', 10, 41522, 712, 3, 1, 2, 604, 29),
(505, 1, 'اول 92-93', 10, 41522, 712, 3, 3, 4, 602, 29),
(506, 1, 'اول 92-93', 5, 42407, 77, 2, 7, 8, 602, 27),
(507, 1, 'اول 92-93', 10, 41524, 724, 3, 7, 8, 606, 29),
(508, 1, 'اول 92-93', 10, 41523, 485, 4, 3, 4, 611, 29),
(509, 1, 'اول 92-93', 5, 40204, 494, 6, 1, 2, 607, 27),
(510, 1, 'اول 92-93', 5, 40204, 494, 6, 3, 4, 607, 27),
(511, 1, 'اول 92-93', 10, 41523, 485, 3, 1, 2, 309, 29),
(512, 1, 'اول 92-93', 10, 44120, 412, 4, 3, 4, 309, 29),
(513, 1, 'اول 92-93', 10, 44120, 412, 4, 5, 6, 309, 29),
(514, 1, 'اول 92-93', 10, 41515, 262, 2, 9, 10, 611, 29),
(515, 1, 'اول 92-93', 10, 41515, 262, 2, 11, 12, 611, 29),
(516, 1, 'اول 92-93', 5, 41516, 712, 3, 5, 6, 308, 23),
(524, 1, 'اول 92-93', 5, 41517, 760, 4, 7, 8, 310, 23),
(525, 1, 'اول 92-93', 5, 41517, 760, 4, 9, 10, 304, 23),
(526, 3, 'اول 92-93', 5, 51103, 576, 1, 1, 2, 703, 33),
(527, 3, 'اول 92-93', 5, 62130, 626, 1, 3, 4, 704, 33),
(528, 3, 'اول 92-93', 5, 62121, 569, 1, 5, 6, 611, 33),
(529, 3, 'اول 92-93', 5, 62139, 704, 1, 7, 12, 708, 33),
(530, 3, 'اول 92-93', 5, 62129, 626, 1, 1, 2, 704, 33),
(531, 3, 'اول 92-93', 5, 62121, 569, 1, 3, 4, 611, 33),
(532, 3, 'اول 92-93', 5, 62130, 626, 1, 5, 6, 704, 33),
(533, 3, 'اول 92-93', 5, 62139, 770, 1, 7, 12, 701, 33),
(534, 3, 'اول 92-93', 5, 62122, 571, 2, 1, 5, 702, 33),
(535, 3, 'اول 92-93', 5, 62139, 669, 2, 1, 6, 708, 33),
(536, 3, 'اول 92-93', 5, 62139, 669, 5, 1, 6, 708, 33),
(537, 3, 'اول 92-93', 11, 61209, 385, 1, 10, 11, 502, 30),
(539, 3, 'اول 92-93', 6, 61207, 528, 1, 2, 3, 509, 30),
(540, 3, 'اول 92-93', 6, 61207, 319, 2, 2, 3, 509, 30),
(541, 3, 'اول 92-93', 6, 51104, 431, 5, 7, 8, 604, 30),
(542, 3, 'اول 92-93', 5, 61804, 419, 2, 1, 3, 502, 30),
(543, 3, 'اول 92-93', 5, 61804, 728, 3, 1, 3, 502, 30),
(544, 3, 'اول 92-93', 5, 62122, 571, 2, 6, 6, 702, 33),
(546, 3, 'اول 92-93', 5, 62122, 571, 2, 7, 9, 702, 33),
(547, 3, 'اول 92-93', 3, 61808, 633, 2, 1, 3, 501, 30),
(548, 3, 'اول 92-93', 5, 42104, 547, 2, 7, 9, 703, 33),
(549, 3, 'اول 92-93', 5, 62122, 571, 3, 1, 5, 702, 33),
(550, 3, 'اول 92-93', 5, 62122, 571, 3, 6, 6, 708, 33),
(551, 3, 'اول 92-93', 3, 52302, 608, 2, 4, 6, 107, 30),
(552, 3, 'اول 92-93', 5, 62122, 571, 3, 7, 9, 708, 33),
(553, 3, 'اول 92-93', 5, 62139, 770, 3, 7, 12, 705, 33),
(554, 3, 'اول 92-93', 5, 62122, 571, 4, 1, 5, 708, 33),
(555, 3, 'اول 92-93', 5, 62139, 669, 5, 7, 7, 708, 33),
(556, 3, 'اول 92-93', 5, 62139, 704, 4, 6, 6, 708, 33),
(557, 3, 'اول 92-93', 5, 62139, 704, 4, 7, 12, 708, 33),
(558, 3, 'اول 92-93', 3, 40310, 449, 4, 1, 3, 514, 30),
(559, 3, 'اول 92-93', 5, 62122, 571, 4, 6, 6, 702, 33),
(560, 3, 'اول 92-93', 3, 61813, 241, 6, 1, 3, 606, 30),
(561, 3, 'اول 92-93', 3, 51309, 454, 6, 4, 6, 503, 30),
(562, 3, 'اول 92-93', 5, 62122, 571, 4, 7, 9, 702, 33),
(563, 3, 'اول 92-93', 6, 62106, 672, 1, 1, 3, 705, 33),
(564, 3, 'اول 92-93', 6, 62107, 77, 1, 4, 6, 614, 33),
(565, 3, 'اول 92-93', 6, 62106, 672, 1, 7, 9, 705, 33),
(566, 4, 'اول 92-93', 6, 52309, 444, 2, 1, 3, 505, 30),
(567, 3, 'اول 92-93', 6, 40105, 431, 2, 5, 6, 703, 33),
(568, 3, 'اول 92-93', 6, 62109, 666, 2, 7, 12, 709, 33),
(569, 3, 'اول 92-93', 6, 62104, 704, 2, 7, 10, 708, 33),
(570, 3, 'اول 92-93', 6, 10000, 649, 3, 1, 3, 613, 33),
(571, 3, 'اول 92-93', 6, 62134, 569, 3, 4, 6, 703, 33),
(572, 3, 'اول 92-93', 6, 62109, 704, 3, 7, 12, 702, 33),
(573, 3, 'اول 92-93', 6, 62104, 670, 3, 7, 10, 701, 33),
(575, 3, 'اول 92-93', 6, 62109, 704, 5, 7, 12, 702, 33),
(576, 1, 'اول 92-93', 6, 42109, 753, 2, 1, 2, 307, 28),
(577, 1, 'اول 92-93', 6, 42114, 753, 2, 3, 4, 606, 28),
(579, 1, 'اول 92-93', 5, 41715, 581, 3, 2, 3, 706, 25),
(581, 1, 'اول 92-93', 6, 42108, 319, 2, 5, 6, 509, 28),
(583, 1, 'اول 92-93', 5, 2002, 693, 3, 7, 8, 304, 25),
(584, 4, 'اول 92-93', 5, 54128, 452, 4, 10, 12, 2, 40),
(585, 1, 'اول 92-93', 6, 52309, 444, 2, 7, 9, 502, 23),
(586, 1, 'اول 92-93', 6, 52309, 412, 3, 7, 9, 502, 23),
(589, 1, 'اول 92-93', 5, 2002, 606, 3, 7, 8, 310, 25),
(595, 1, 'اول 92-93', 5, 41711, 779, 4, 7, 9, 410, 25),
(596, 1, 'اول 92-93', 5, 41712, 777, 4, 10, 12, 302, 25),
(597, 1, 'اول 92-93', 10, 61814, 412, 6, 1, 3, 502, 29),
(598, 1, 'اول 92-93', 10, 61814, 412, 6, 4, 6, 502, 29),
(599, 1, 'اول 92-93', 10, 61814, 412, 6, 7, 9, 502, 29),
(600, 1, 'اول 92-93', 5, 71202, 659, 5, 9, 11, 209, 25),
(601, 1, 'اول 92-93', 10, 41512, 77, 6, 1, 3, 501, 23),
(602, 1, 'اول 92-93', 10, 41512, 77, 6, 4, 6, 501, 23),
(603, 1, 'اول 92-93', 10, 41512, 77, 6, 7, 9, 501, 23),
(604, 1, 'اول 92-93', 5, 40404, 608, 1, 1, 3, 502, 23),
(605, 1, 'اول 92-93', 5, 40404, 608, 1, 4, 6, 502, 23),
(606, 1, 'اول 92-93', 5, 40404, 608, 1, 7, 9, 502, 23),
(607, 1, 'اول 92-93', 5, 61808, 618, 1, 1, 3, 501, 23),
(608, 1, 'اول 92-93', 5, 61808, 618, 1, 4, 6, 501, 23),
(609, 1, 'اول 92-93', 10, 41707, 507, 4, 1, 3, 107, 25),
(610, 1, 'اول 92-93', 5, 61808, 618, 1, 7, 9, 501, 23),
(611, 1, 'اول 92-93', 10, 41707, 507, 4, 4, 4, 102, 25),
(612, 1, 'اول 92-93', 10, 41709, 779, 4, 5, 6, 302, 25),
(614, 1, 'اول 92-93', 10, 61202, 254, 4, 7, 9, 201, 25),
(617, 1, 'اول 92-93', 10, 41713, 779, 4, 10, 12, 307, 25),
(618, 1, 'اول 92-93', 10, 71306, 731, 5, 1, 3, 308, 25),
(619, 1, 'اول 92-93', 10, 71201, 659, 5, 4, 6, 307, 25),
(620, 1, 'اول 92-93', 5, 41519, 444, 6, 7, 8, 505, 23),
(621, 1, 'اول 92-93', 10, 42102, 737, 5, 7, 8, 310, 25),
(622, 1, 'اول 92-93', 5, 41519, 444, 6, 9, 10, 505, 23),
(623, 1, 'اول 92-93', 5, 41514, 618, 6, 7, 8, 506, 23),
(624, 1, 'اول 92-93', 5, 41514, 618, 6, 9, 10, 506, 23),
(625, 1, 'اول 92-93', 6, 41710, 582, 3, 1, 3, 304, 25),
(626, 1, 'اول 92-93', 6, 71401, 331, 3, 4, 6, 304, 25),
(627, 1, 'اول 92-93', 6, 61201, 254, 4, 4, 6, 307, 25),
(628, 1, 'اول 92-93', 6, 41706, 778, 4, 7, 10, 107, 25),
(629, 1, 'اول 92-93', 6, 71401, 331, 3, 1, 3, 308, 25),
(630, 1, 'اول 92-93', 6, 41710, 582, 3, 4, 6, 310, 25),
(638, 1, 'اول 92-93', 10, 41518, 397, 3, 5, 6, 611, 23),
(640, 1, 'اول 92-93', 10, 42101, 737, 5, 3, 4, 606, 23),
(642, 1, 'اول 92-93', 5, 42101, 691, 3, 3, 4, 611, 23),
(643, 1, 'اول 92-93', 6, 41708, 211, 3, 7, 8, 204, 25),
(644, 1, 'اول 92-93', 6, 41706, 507, 3, 9, 12, 107, 25),
(645, 1, 'اول 92-93', 10, 41529, 703, 1, 1, 3, 3, 29),
(646, 1, 'اول 92-93', 6, 42104, 523, 4, 4, 6, 616, 25),
(647, 1, 'اول 92-93', 10, 41529, 703, 1, 4, 6, 3, 29),
(648, 1, 'اول 92-93', 10, 41527, 618, 6, 1, 3, 613, 29),
(649, 1, 'اول 92-93', 6, 41705, 600, 4, 7, 8, 210, 25),
(650, 1, 'اول 92-93', 10, 41527, 618, 6, 4, 6, 611, 29),
(651, 1, 'اول 92-93', 5, 41526, 614, 5, 7, 9, 707, 29),
(652, 1, 'اول 92-93', 5, 41528, 614, 5, 10, 12, 611, 29),
(654, 3, 'اول 92-93', 5, 51618, 523, 4, 1, 2, 616, 25),
(655, 3, 'اول 92-93', 5, 62209, 600, 4, 5, 6, 408, 25),
(656, 3, 'اول 92-93', 5, 62208, 777, 4, 7, 9, 301, 25),
(657, 3, 'اول 92-93', 5, 62207, 655, 5, 3, 6, 401, 25),
(658, 3, 'اول 92-93', 5, 71307, 441, 5, 7, 9, 408, 25),
(659, 3, 'اول 92-93', 5, 62206, 81, 6, 7, 9, 410, 25),
(660, 3, 'اول 92-93', 10, 42101, 691, 3, 1, 2, 210, 25),
(661, 1, 'اول 92-93', 5, 42407, 96, 5, 3, 4, 611, 23),
(662, 3, 'اول 92-93', 10, 62204, 653, 3, 3, 6, 409, 25),
(663, 1, 'اول 92-93', 5, 42407, 96, 5, 5, 6, 611, 23),
(664, 3, 'اول 92-93', 10, 62206, 654, 3, 7, 9, 408, 25),
(665, 1, 'اول 92-93', 5, 42407, 96, 4, 5, 6, 611, 23),
(666, 3, 'اول 92-93', 10, 41705, 600, 4, 2, 4, 408, 25),
(667, 3, 'اول 92-93', 10, 62224, 780, 4, 5, 6, 409, 25),
(668, 1, 'اول 92-93', 5, 43115, 581, 3, 7, 8, 402, 23),
(669, 3, 'اول 92-93', 10, 62205, 268, 4, 7, 9, 616, 25),
(671, 1, 'اول 92-93', 5, 43115, 581, 2, 11, 12, 402, 23),
(672, 1, 'اول 92-93', 6, 41520, 613, 1, 1, 3, 510, 23),
(673, 1, 'اول 92-93', 6, 41520, 613, 1, 4, 6, 510, 23),
(674, 1, 'اول 92-93', 6, 41520, 613, 1, 7, 9, 510, 23),
(675, 3, 'اول 92-93', 6, 62223, 386, 4, 4, 6, 410, 25),
(676, 3, 'اول 92-93', 6, 41702, 600, 4, 9, 10, 408, 25),
(677, 3, 'اول 92-93', 6, 62201, 659, 5, 1, 3, 402, 25),
(678, 3, 'اول 92-93', 6, 62203, 731, 5, 4, 6, 201, 25),
(679, 3, 'اول 92-93', 6, 62222, 655, 5, 7, 10, 410, 25),
(680, 4, 'اول 92-93', 5, 51612, 780, 4, 1, 2, 410, 25),
(681, 3, 'اول 92-93', 6, 40306, 105, 4, 1, 3, 508, 31),
(682, 3, 'اول 92-93', 6, 40306, 105, 4, 4, 6, 508, 31),
(683, 3, 'اول 92-93', 6, 40306, 105, 4, 7, 9, 508, 31),
(684, 4, 'اول 92-93', 5, 51604, 778, 4, 11, 12, 202, 25),
(685, 3, 'اول 92-93', 5, 61804, 452, 4, 1, 3, 502, 31),
(686, 3, 'اول 92-93', 5, 61804, 452, 4, 4, 6, 502, 31),
(687, 4, 'اول 92-93', 5, 51609, 659, 5, 7, 8, 209, 25),
(688, 3, 'اول 92-93', 5, 61804, 728, 3, 7, 9, 514, 31),
(689, 4, 'اول 92-93', 5, 51104, 691, 5, 9, 10, 303, 25),
(690, 4, 'اول 92-93', 6, 51104, 691, 4, 7, 8, 604, 31),
(691, 4, 'اول 92-93', 6, 51104, 691, 4, 9, 10, 604, 31),
(693, 4, 'اول 92-93', 6, 52203, 595, 1, 2, 3, 310, 31),
(694, 4, 'اول 92-93', 10, 41306, 633, 1, 10, 12, 503, 31),
(695, 4, 'اول 92-93', 10, 41306, 633, 2, 10, 12, 502, 31),
(701, 4, 'اول 92-93', 10, 51611, 717, 1, 1, 3, 202, 25),
(702, 4, 'اول 92-93', 5, 51704, 765, 6, 1, 3, 3, 31),
(703, 4, 'اول 92-93', 10, 51608, 507, 1, 4, 6, 2, 25),
(704, 4, 'اول 92-93', 5, 51704, 765, 6, 4, 6, 3, 31),
(705, 4, 'اول 92-93', 5, 51704, 765, 6, 7, 9, 3, 31),
(706, 4, 'اول 92-93', 5, 52302, 608, 2, 7, 9, 3, 31),
(707, 4, 'اول 92-93', 10, 51608, 507, 1, 7, 8, 210, 25),
(709, 4, 'اول 92-93', 5, 51708, 546, 2, 7, 9, 501, 31),
(710, 4, 'اول 92-93', 10, 51603, 660, 3, 3, 4, 410, 25),
(711, 4, 'اول 92-93', 5, 51708, 546, 2, 10, 12, 501, 31),
(712, 4, 'اول 92-93', 10, 51606, 654, 3, 5, 6, 309, 25),
(713, 4, 'اول 92-93', 5, 52302, 608, 2, 10, 12, 3, 31),
(714, 4, 'اول 92-93', 10, 51615, 706, 3, 7, 9, 309, 25),
(715, 4, 'اول 92-93', 10, 51606, 654, 3, 3, 4, 504, 25),
(716, 1, 'اول 92-93', 15, 416002, 618, 2, 7, 9, 504, 23),
(717, 1, 'اول 92-93', 15, 416002, 618, 2, 10, 12, 504, 23),
(718, 1, 'اول 92-93', 15, 52309, 453, 5, 7, 9, 502, 23),
(719, 1, 'اول 92-93', 15, 52309, 453, 5, 10, 12, 502, 23),
(720, 1, 'اول 92-93', 15, 416003, 190, 5, 7, 9, 508, 23),
(721, 1, 'اول 92-93', 15, 416003, 190, 5, 10, 12, 508, 23),
(722, 1, 'اول 92-93', 16, 40314, 385, 1, 1, 3, 503, 23),
(723, 1, 'اول 92-93', 16, 40314, 385, 1, 4, 6, 503, 23),
(724, 1, 'اول 92-93', 16, 40314, 385, 1, 7, 9, 503, 23),
(725, 1, 'اول 92-93', 5, 43115, 581, 3, 9, 10, 403, 23),
(728, 3, 'اول 92-93', 15, 61207, 594, 4, 1, 3, 509, 31),
(729, 3, 'اول 92-93', 15, 61207, 594, 4, 4, 6, 509, 31),
(730, 3, 'اول 92-93', 15, 61208, 594, 4, 7, 9, 509, 31),
(731, 4, 'اول 92-93', 15, 52203, 595, 1, 10, 11, 201, 31),
(732, 4, 'اول 92-93', 19, 61807, 757, 6, 1, 3, 611, 31),
(733, 3, 'اول 92-93', 6, 62107, 77, 1, 1, 3, 614, 33),
(734, 3, 'اول 92-93', 6, 62106, 672, 1, 4, 6, 705, 33),
(735, 3, 'اول 92-93', 11, 62519, 514, 3, 2, 6, 705, 34),
(736, 3, 'اول 92-93', 11, 62519, 670, 3, 2, 6, 709, 34),
(737, 3, 'اول 92-93', 11, 62511, 569, 3, 7, 8, 611, 34),
(738, 3, 'اول 92-93', 11, 40105, 438, 3, 9, 10, 703, 34),
(739, 3, 'اول 92-93', 11, 62504, 674, 4, 1, 3, 704, 34),
(740, 3, 'اول 92-93', 11, 42104, 617, 4, 4, 6, 614, 34),
(741, 3, 'اول 92-93', 5, 71210, 439, 4, 7, 9, 704, 35),
(742, 3, 'اول 92-93', 11, 71601, 81, 5, 7, 8, 407, 35),
(743, 3, 'اول 92-93', 11, 71602, 523, 5, 9, 10, 704, 35),
(744, 3, 'اول 92-93', 6, 42104, 781, 4, 1, 3, 201, 25),
(745, 3, 'اول 92-93', 10, 51103, 788, 5, 3, 4, 403, 25),
(746, 1, 'اول 92-93', 5, 41704, 439, 4, 4, 6, 202, 25),
(747, 1, 'اول 92-93', 5, 43108, 523, 5, 7, 8, 614, 25),
(748, 1, 'اول 92-93', 6, 61201, 490, 5, 4, 6, 410, 25),
(749, 4, 'اول 92-93', 10, 51603, 660, 3, 7, 8, 410, 25),
(751, 4, 'اول 92-93', 10, 51615, 706, 3, 10, 12, 308, 25),
(752, 4, 'اول 92-93', 10, 51608, 777, 4, 2, 3, 607, 25),
(753, 4, 'اول 92-93', 10, 51608, 777, 4, 4, 6, 107, 25),
(754, 4, 'اول 92-93', 6, 51102, 794, 1, 5, 6, 204, 25),
(755, 4, 'اول 92-93', 6, 51610, 717, 1, 7, 9, 209, 25),
(756, 4, 'اول 92-93', 6, 71402, 331, 1, 10, 12, 204, 25),
(757, 4, 'اول 92-93', 6, 51618, 523, 3, 1, 2, 614, 25),
(758, 4, 'اول 92-93', 6, 51607, 211, 3, 3, 4, 408, 25),
(759, 4, 'اول 92-93', 6, 51602, 660, 3, 5, 6, 408, 25),
(760, 4, 'اول 92-93', 6, 51616, 732, 3, 7, 9, 307, 25),
(761, 4, 'اول 92-93', 6, 51610, 717, 1, 4, 6, 410, 25),
(762, 4, 'اول 92-93', 6, 51102, 794, 1, 7, 8, 201, 25),
(763, 4, 'اول 92-93', 6, 51602, 660, 3, 1, 2, 310, 25),
(764, 4, 'اول 92-93', 6, 51618, 523, 3, 3, 4, 614, 25),
(765, 4, 'اول 92-93', 6, 51607, 211, 3, 5, 6, 401, 25),
(766, 4, 'اول 92-93', 6, 71402, 582, 3, 7, 9, 209, 25),
(767, 4, 'اول 92-93', 6, 51616, 732, 3, 10, 12, 204, 25),
(768, 4, 'اول 92-93', 5, 51605, 790, 4, 4, 6, 108, 25),
(770, 4, 'اول 92-93', 5, 51103, 788, 5, 5, 6, 614, 25),
(771, 4, 'اول 92-93', 5, 42202, 789, 4, 4, 6, 403, 25),
(773, 4, 'اول 92-93', 16, 51605, 790, 6, 7, 9, 108, 25),
(775, 4, 'اول 92-93', 16, 42202, 783, 6, 4, 6, 616, 25),
(776, 4, 'اول 92-93', 16, 51612, 780, 4, 3, 4, 407, 25),
(777, 4, 'اول 92-93', 16, 51604, 778, 4, 5, 6, 301, 25),
(778, 3, 'اول 92-93', 11, 40102, 156, 3, 1, 3, 403, 25),
(779, 3, 'اول 92-93', 11, 62202, 512, 3, 4, 6, 707, 25),
(780, 3, 'اول 92-93', 11, 62221, 625, 3, 7, 10, 409, 25),
(781, 3, 'اول 92-93', 11, 41002, 617, 5, 1, 3, 310, 25),
(782, 3, 'اول 92-93', 11, 41001, 244, 5, 4, 6, 616, 25),
(783, 3, 'اول 92-93', 11, 71301, 731, 5, 7, 9, 616, 25),
(784, 1, 'اول 92-93', 5, 41714, 581, 3, 4, 6, 706, 25),
(785, 1, 'اول 92-93', 15, 40204, 494, 5, 7, 9, 602, 23),
(786, 1, 'اول 92-93', 6, 42203, 350, 6, 5, 6, 602, 29),
(788, 4, 'اول 92-93', 5, 42202, 787, 4, 7, 9, 613, 25),
(789, 4, 'اول 92-93', 5, 51605, 790, 4, 7, 9, 108, 25),
(790, 4, 'اول 92-93', 5, 51609, 776, 6, 2, 3, 614, 25),
(791, 1, 'اول 92-93', 15, 42203, 350, 6, 7, 8, 602, 29),
(792, 1, 'اول 92-93', 10, 416004, 540, 4, 1, 2, 611, 29),
(794, 1, 'اول 92-93', 19, 41521, 613, 6, 1, 3, 510, 23),
(795, 1, 'اول 92-93', 19, 41521, 613, 6, 4, 6, 510, 23),
(796, 1, 'اول 92-93', 19, 41521, 613, 6, 7, 9, 510, 23),
(797, 1, 'اول 92-93', 6, 41605, 613, 2, 10, 12, 510, 29),
(798, 1, 'اول 92-93', 15, 41605, 613, 2, 7, 9, 510, 29),
(800, 1, 'اول 92-93', 10, 41510, 77, 2, 5, 6, 603, 23),
(801, 1, 'اول 92-93', 19, 41510, 77, 2, 9, 10, 603, 23),
(803, 1, 'اول 92-93', 6, 42107, 756, 5, 11, 12, 204, 28),
(804, 1, 'اول 92-93', 6, 42101, 737, 5, 10, 11, 304, 28),
(805, 1, 'اول 92-93', 15, 41001, 648, 1, 1, 3, 607, 23),
(806, 1, 'اول 92-93', 15, 10000, 447, 1, 4, 6, 607, 23),
(807, 1, 'اول 92-93', 15, 41002, 523, 1, 7, 9, 607, 23),
(808, 3, 'اول 92-93', 6, 62109, 666, 5, 1, 6, 709, 33),
(809, 4, 'اول 92-93', 5, 51812, 674, 2, 1, 4, 705, 33),
(812, 4, 'اول 92-93', 5, 62124, 672, 2, 7, 8, 611, 33),
(813, 4, 'اول 92-93', 5, 51807, 669, 2, 7, 8, 616, 33),
(817, 4, 'اول 92-93', 5, 51807, 669, 2, 9, 10, 616, 33),
(818, 4, 'اول 92-93', 5, 62124, 672, 2, 9, 10, 409, 33),
(820, 4, 'اول 92-93', 5, 51812, 674, 4, 4, 6, 705, 33),
(821, 4, 'اول 92-93', 5, 51812, 674, 4, 7, 8, 705, 33),
(824, 4, 'اول 92-93', 5, 51811, 772, 4, 9, 11, 611, 33),
(825, 3, 'اول 92-93', 11, 61820, 507, 2, 1, 3, 107, 30),
(826, 4, 'اول 92-93', 5, 51811, 772, 4, 7, 8, 611, 33),
(827, 4, 'اول 92-93', 5, 51812, 770, 4, 9, 12, 709, 33),
(828, 4, 'اول 92-93', 5, 51808, 668, 5, 3, 4, 613, 33),
(829, 4, 'اول 92-93', 5, 51809, 771, 5, 7, 8, 704, 33),
(830, 4, 'اول 92-93', 5, 51809, 771, 5, 3, 4, 704, 33),
(832, 4, 'اول 92-93', 5, 51806, 774, 5, 5, 6, 706, 33),
(833, 4, 'اول 92-93', 5, 51808, 668, 5, 5, 6, 613, 33),
(834, 4, 'اول 92-93', 5, 51812, 770, 5, 7, 12, 709, 33),
(835, 4, 'اول 92-93', 6, 51812, 674, 2, 5, 6, 705, 33),
(836, 4, 'اول 92-93', 6, 51812, 674, 2, 7, 10, 705, 33),
(837, 3, 'اول 92-93', 12, 61208, 565, 4, 9, 10, 503, 30),
(838, 4, 'اول 92-93', 6, 62124, 672, 2, 11, 12, 409, 33),
(839, 4, 'اول 92-93', 10, 52307, 696, 5, 1, 3, 107, 30),
(840, 4, 'اول 92-93', 10, 52307, 696, 5, 4, 6, 107, 30),
(841, 4, 'اول 92-93', 6, 51807, 770, 4, 7, 8, 614, 33),
(842, 4, 'اول 92-93', 10, 52402, 419, 5, 4, 6, 514, 30),
(843, 4, 'اول 92-93', 6, 51812, 674, 4, 9, 12, 705, 33),
(844, 4, 'اول 92-93', 10, 52302, 485, 5, 7, 9, 107, 30),
(845, 4, 'اول 92-93', 6, 51808, 668, 5, 1, 2, 613, 33),
(846, 4, 'اول 92-93', 6, 51809, 771, 5, 5, 6, 704, 33),
(847, 4, 'اول 92-93', 6, 51811, 772, 5, 7, 9, 611, 33),
(848, 4, 'اول 92-93', 10, 52307, 485, 5, 10, 12, 107, 30),
(849, 4, 'اول 92-93', 10, 52402, 419, 5, 7, 9, 514, 30),
(850, 4, 'اول 92-93', 11, 61203, 650, 2, 1, 3, 607, 27),
(851, 4, 'اول 92-93', 11, 61310, 339, 2, 4, 6, 514, 27),
(853, 4, 'اول 92-93', 11, 51204, 339, 4, 4, 6, 603, 27),
(854, 4, 'اول 92-93', 6, 51204, 339, 4, 1, 3, 614, 27),
(855, 4, 'اول 92-93', 6, 51307, 321, 5, 4, 6, 4, 27),
(856, 4, 'اول 92-93', 6, 51307, 321, 5, 10, 12, 4, 27),
(857, 4, 'اول 92-93', 10, 51201, 244, 1, 1, 2, 303, 27),
(858, 4, 'اول 92-93', 10, 51201, 244, 1, 3, 4, 303, 27),
(859, 4, 'اول 92-93', 10, 51201, 244, 1, 5, 6, 303, 27),
(860, 3, 'اول 92-93', 6, 81229, 218, 3, 1, 4, 401, 37),
(861, 3, 'اول 92-93', 6, 61206, 635, 2, 7, 9, 614, 37),
(862, 3, 'اول 92-93', 6, 61207, 635, 2, 10, 11, 509, 37),
(863, 3, 'اول 92-93', 6, 61207, 769, 3, 7, 8, 509, 37),
(864, 3, 'اول 92-93', 6, 61201, 336, 1, 7, 9, 310, 37),
(865, 3, 'اول 92-93', 6, 61209, 718, 3, 9, 11, 4, 37),
(866, 3, 'اول 92-93', 5, 61303, 627, 3, 1, 3, 407, 37),
(867, 4, 'اول 92-93', 15, 51307, 321, 5, 7, 9, 4, 27),
(869, 1, 'اول 92-93', 19, 41518, 397, 3, 3, 4, 704, 23),
(870, 4, 'اول 92-93', 11, 51301, 796, 3, 7, 8, 403, 27),
(871, 4, 'اول 92-93', 11, 51306, 750, 3, 4, 6, 514, 27);

-- --------------------------------------------------------

--
-- Table structure for table `sections`
--

CREATE TABLE IF NOT EXISTS `sections` (
  `id` int(11) NOT NULL,
  `from` char(5) DEFAULT '08:00',
  `to` char(5) DEFAULT '08:00',
  `setting_id` int(11) DEFAULT NULL,
  UNIQUE KEY `id` (`id`)
) ENGINE=InnoDB DEFAULT CHARSET=latin1;

--
-- Dumping data for table `sections`
--

INSERT INTO `sections` (`id`, `from`, `to`, `setting_id`) VALUES
(1, '08:00', '08:45', NULL),
(2, '08:45', '09:30', NULL),
(3, '09:45', '10:30', NULL),
(4, '10:45', '11:30', NULL),
(5, '11:45', '12:30', NULL),
(6, '12:30', '13:15', NULL),
(7, '14:00', '14:45', NULL),
(8, '14:45', '15:30', NULL),
(9, '15:45', '16:30', NULL),
(10, '16:30', '17:15', NULL),
(11, '17:30', '18:15', NULL),
(12, '18:15', '19:00', NULL);

-- --------------------------------------------------------

--
-- Table structure for table `teacher`
--

CREATE TABLE IF NOT EXISTS `teacher` (
  `tid` int(11) NOT NULL AUTO_INCREMENT,
  `title` varchar(100) CHARACTER SET utf8 DEFAULT NULL,
  `name` varchar(100) CHARACTER SET utf8 DEFAULT NULL,
  `family` varchar(100) CHARACTER SET utf8 DEFAULT NULL,
  UNIQUE KEY `tid` (`tid`)
) ENGINE=InnoDB  DEFAULT CHARSET=latin1 AUTO_INCREMENT=797 ;

--
-- Dumping data for table `teacher`
--

INSERT INTO `teacher` (`tid`, `title`, `name`, `family`) VALUES
(1, '', 'سید محمد رضا', 'سروش مهر'),
(2, '', 'بهنام', 'بهین آیین'),
(5, '', 'سعید', 'توکلی'),
(6, '', 'امیرحسین', 'وحید دستجردی'),
(7, '', 'علیرضا', 'سنابادی'),
(8, '', 'اصغر', 'کاظمی نجف آبادی'),
(9, '', 'مهدی ', 'الیاسی علی شاهدانی'),
(10, '', 'فرهاد', 'رستمی قهفرخی'),
(11, '', 'عفت', 'نور محمدی'),
(12, '', 'سپیده', 'ثابت ورنامخواستی '),
(13, '', 'محمد رضا', 'نیلچیان'),
(14, '', 'زهرا', 'مرتضوی'),
(15, '', 'آرش', 'امینی تبریزی'),
(16, '', 'ذاکر', 'صالحی'),
(17, '', 'ابوالقاسم', 'صرافان'),
(18, '', 'محسن', 'صائب'),
(19, '', 'همایون', 'سلطان زاده'),
(20, '', 'حسین', 'سپهری'),
(21, '', 'مراد', 'خدری'),
(22, '', 'حجت', 'جعفری'),
(23, '', 'ناصر', 'منصوری '),
(24, '', 'محمد علی', 'مدنی'),
(25, '', 'فضل الله', 'محمدی'),
(26, '', 'داود', 'متولی زاده'),
(27, '', 'راحله', 'فراحی'),
(28, '', 'مصطفی', 'غائی'),
(29, '', 'امین', 'عرب'),
(30, '', 'محمد', 'عبداللهی'),
(31, '', 'محمد علی', 'عبدالحسینی نیا'),
(32, '', 'اسماعیل', 'صفی خانی'),
(33, '', 'مهنوش', 'صمدانی'),
(34, '', 'محمد', 'نادری دهکردی'),
(35, '', 'مرضیه', 'زمانی علویجه '),
(36, '', 'سیده معصومه ', 'رهنما'),
(37, '', 'محمد رضا', 'رشادی نژاد'),
(38, '', 'شهرام', 'دهدشتی'),
(39, '', 'محمود', 'خیرالهی '),
(40, '', 'سیامک', 'حریری'),
(41, '', 'جاسم', 'جزایری'),
(42, '', 'حسن ', 'جابری زاده '),
(43, '', 'علی اصغر', 'ثابتی'),
(44, '', 'حسین', 'پوران شیروان'),
(45, '', 'آزاده', 'پوده '),
(46, '', 'علی', 'بهلولی زفره'),
(47, '', 'ایرج', 'بخشنده فر '),
(48, '', 'احمد', 'آقا ابراهیمیان'),
(49, '', 'منوچهر', 'افشین نیا'),
(50, '', 'حمید', 'صدری منش'),
(51, '', 'رضا', 'صادقیان '),
(52, '', 'کریم', 'سهرابی'),
(53, '', 'فاطمه', 'بنمیی شیخ شبانی'),
(54, '', 'عاطفه ', 'سلیمی شهرکی '),
(55, '', 'احمدرضا', 'علیخانی'),
(56, '', 'راحله', 'کافیه'),
(57, '', 'سید عمادالدین ', 'فرشته نژاد'),
(58, '', 'نوید', 'نجات بخش'),
(59, '', 'پروانه', 'میرزائی'),
(60, '', 'مهدی', 'شانه'),
(61, '', 'مهدی', 'حبیبی'),
(62, '', 'نرگس', 'قاسمی'),
(63, '', 'مرضیه', 'خبازی شهرکردی'),
(64, '', 'رسول', 'باغبانی'),
(65, '', 'رضا', 'محمدی'),
(66, '', 'محمود', 'صداقتی'),
(67, '', 'نسرین', 'رسولی'),
(68, '', 'زهره', 'غریبی'),
(69, '', 'آرش', 'دهستانی '),
(70, '', 'علی رضا', 'نوروزی'),
(71, '', 'پریسا', 'ابو نصر'),
(72, '', 'احسان', 'نگهبانی'),
(73, '', 'م', 'بیانی'),
(74, '', 'علی', 'حسینی'),
(75, '', 'م', 'ورزنده'),
(76, '', 'م', 'تنهائی'),
(77, '', 'مهدی', 'توکلی حسین آبادی'),
(78, '', 'خانم', 'یساری'),
(81, '', 'بهروز', 'بختیاری'),
(82, '', 'غزاله', 'رسانه'),
(83, '', 'دکتر ابراهیم', 'برزآبادی'),
(84, '', 'محمد', 'کریمی'),
(86, '', 'م', 'دکتر موحدی'),
(88, '', 'م', 'عربیان'),
(90, '', 'م', 'مقدسی'),
(92, '', 'خانم', 'سروش مهر '),
(93, '', 'م', 'شاطری'),
(94, '', 'م', 'بهرامی'),
(95, '', 'علی اکبر', 'عباسی'),
(96, '', 'محمد حسن', 'توکلی'),
(97, '', 'حامد', 'مهر جو'),
(98, '', 'آقای', 'یزدانی'),
(99, '', '', 'خانم میر سعیدی'),
(100, '', 'محمدباقر', 'دکتر توکلی'),
(102, '', 'آزمایشگاه', 'شرکت نابیوس'),
(103, '', 'سیدعلی اکبر', 'موسوی '),
(104, '', 'فرشاد', 'شمس'),
(105, '', 'محمدعلی', 'رمضانی جلفائی'),
(106, '', 'مهدی', 'مجتبائی'),
(108, '', 'مسعود', 'بیگی'),
(109, '', 'سیدمحمود', 'طباطبائی مزرعه نو'),
(110, '', 'م', 'جهانبخش'),
(112, '', '', 'دکتر خیام باشی '),
(113, '', 'لاله', 'اسدزاده '),
(115, '', 'یوسف', 'اندیشگر '),
(116, '', '', 'سلیمیان '),
(117, '', 'عمومی ', 'نامشخص'),
(118, '', '', 'دکتر مهری'),
(119, '', 'دکتر تورج', 'شبانیان '),
(121, '', 'مجتبی', 'هاشمی'),
(122, '', '', 'نیک فرجام '),
(123, '', '', 'طهماسبی '),
(124, '', '', 'متین فر'),
(125, '', 'محمد', 'ابراهیمی '),
(126, '', 'مجید', 'ممتاز'),
(127, '', 'محمود', 'زریباف'),
(128, '', 'دکتر محمدحسین', 'دکتر مشرف جوادی '),
(129, '', 'یاسر', 'رحیمی'),
(130, '', 'ابراهیم', 'نصر'),
(132, '', '', 'موحدی نیا'),
(133, '', '', 'رضائیان'),
(134, '', 'دکتر کامران', 'زمانی فر  '),
(135, '', '', 'میرعلی پور'),
(137, '', 'دکتر مصطفی', 'کرمانی'),
(138, '', 'غلامرضا', 'خدری'),
(139, '', 'مهدی', 'فاضل'),
(141, '', '', 'ذاکری'),
(142, '', 'علی', 'علیمحمدی '),
(143, '', '', 'میرسعیدی'),
(144, '', 'علیرضا', 'زمردیان '),
(145, '', 'حسین', 'یارمحمدیان '),
(146, '', 'دکتر امیرمسعود', 'امینی  '),
(147, '', '', 'بخشائی'),
(148, '', '', 'فخری'),
(149, '', 'عصمت', 'بیضائی'),
(150, '', 'نیلوفر', 'برکت'),
(152, '', 'دکتر احمد', 'دکتر غضنفری'),
(153, '', 'سعید', 'لندران'),
(155, '', '', 'سلیمانیان'),
(156, '', 'ساسان', 'زند مقدم'),
(157, '', 'مهداد', 'اسماعیلی'),
(158, '', 'مریم', 'مراوندی'),
(159, '', '', 'حکیمیان'),
(160, '', 'مجید', 'طغیانی ریزی '),
(162, '', '', 'بهبودی'),
(163, '', 'صدیقه', 'ایلدرآبادی'),
(164, '', 'مسعود', 'سلیمانپور'),
(165, '', 'نسیم', 'داداشی'),
(166, '', 'محمدحسین', 'معصوم خانی'),
(169, '', 'آیدا', 'اسماعیلیان'),
(170, '', 'مهدی', 'دوست محمدی'),
(174, '', 'نسیبه', 'محمودی'),
(175, '', 'پریناز', 'خیاطان'),
(177, '', 'فائقه', 'زردشت'),
(178, '', 'فریبرز', 'حقیقت'),
(179, '', 'محمد', 'میرزائی'),
(180, '', 'رویا', 'دادخدائی'),
(181, '', '', 'علیدادی'),
(182, '', 'محسن', 'رحیمی دستجردی'),
(183, '', '', 'شریف'),
(184, '', 'محمدحسن', 'صرامی فروشانی'),
(185, '', 'مصطفی', 'ناصری'),
(186, '', '', 'دکتر نصر'),
(187, '', '', 'کلهرزاده'),
(188, '', 'مجتبی', 'جلالی'),
(189, '', 'زینب', 'مازادی'),
(190, '', 'محمدرضا', 'جوادی'),
(191, '', '', 'گنجعلی خان'),
(192, '', 'مرضیه', 'راعی'),
(193, '', 'احسان', 'لیموچی'),
(194, '', 'علی', 'ابوطالبی'),
(195, '', '', 'جاوید'),
(196, '', 'محمد', 'حکمت نژاد'),
(198, '', '', 'روزمند'),
(199, '', '', 'هاشمی پور'),
(200, '', 'مجتبی', 'هاشمیان'),
(201, '', 'محسن', 'جاودان'),
(202, '', 'نجمه', 'عابدزاده'),
(203, '', 'محمدمهدی', 'وهابی'),
(204, '', '', 'دکتر زکی'),
(205, '', 'علی', 'صفری'),
(207, '', 'اصغر', 'بصیری'),
(209, '', 'عبدالرسول', 'هادی'),
(210, '', 'هادی', 'تیموری'),
(211, '', 'فروزان', 'بکتاش'),
(212, '', 'تخصصی', 'نامشخص '),
(213, '', '', 'امین دوست'),
(214, '', 'حسن', 'حقیقی'),
(215, '', '', 'نورائی'),
(216, '', 'ایمان', 'علی بیگی'),
(218, '', 'مرضیه', 'ساوج'),
(219, '', 'سید حسین', 'زنجانی'),
(220, '', 'رامین', 'بهارلوئی'),
(222, '', 'دکتر مسعود', 'دکتر انصاری مهر'),
(223, '', 'میثم', 'رضوی'),
(224, '', 'سمیه', 'یاری'),
(225, '', 'نگار', 'مشرف'),
(226, '', 'امین', 'اشرافیان پور'),
(228, '', 'مینا', 'عابدی اصفهانی'),
(229, '', 'مریم', 'بابائی'),
(230, '', 'بابک', 'صفاری'),
(231, '', '', 'گازر'),
(232, '', 'مجید', 'جان نثاری'),
(233, '', 'حمید', 'صاحب خرد'),
(234, '', 'بهنام', 'کوشکی'),
(235, '', 'زهرا', 'صفار'),
(236, '', 'سمیه', 'امرائی'),
(237, '', 'سیدمحمد', 'کارگر'),
(238, '', 'آرمین', 'توکلی'),
(239, '', 'سکینه', 'شیرازی'),
(240, '', 'الاهه', 'براتی'),
(241, '', 'امینه', 'بابری'),
(242, '', '', 'محسنی'),
(243, '', 'مریم', 'منتظری'),
(244, '', 'نرگس', 'شیخی'),
(245, '', 'مرضیه', 'توکلی'),
(246, '', 'نرگس', 'مراوندی'),
(248, '', 'هادی', 'مجتبائی'),
(250, '', 'مهدی', 'زعفری'),
(251, '', 'علی', 'شیری'),
(252, '', 'دکتر منصور', 'دکتر تجبر'),
(253, '', 'امیر', 'مساح'),
(254, '', 'شیوا', 'فاتحی'),
(255, '', 'راحله', 'مطلبی'),
(256, '', 'پرستو', 'شاه سمندی'),
(257, '', '', 'منصف'),
(259, '', 'رسول', 'حیدری'),
(260, '', 'رامین', 'صادقی'),
(261, '', 'بهنام', 'ابراهیمی'),
(262, '', 'مریم', 'گلی باغ'),
(263, '', 'ویدا', 'روانمهر'),
(264, '', 'محمد', 'باقری'),
(265, '', 'محمدحسین', 'تیموری'),
(266, '', 'مهدی', 'مقدم'),
(267, '', 'مهدی', 'سراجی'),
(268, '', 'عادل', 'تدین فر'),
(269, '', 'نرگس', 'شاه قلی قهفرخی'),
(270, '', 'آرزو', 'میرطالبی'),
(271, '', 'اکرم', 'طغیانی ریزی'),
(272, '', 'مهدی', 'دانش'),
(273, '', 'محمد', 'فلسفی نژاد'),
(274, '', 'مسعود', 'شفیعیه'),
(275, '', 'آقای', 'جنتی'),
(276, '', 'آقای', 'عابدی'),
(277, '', 'سعید', 'قاسمی'),
(278, '', 'آقای', 'شهبازی'),
(279, '', 'آقای', 'سراجی'),
(280, '', 'فرشید', 'فاخران'),
(281, '', 'خانم', 'خسروی'),
(282, '', 'آقای', 'رفیعی'),
(283, '', 'خانم', 'نجمی'),
(284, '', 'خانم', 'مانی'),
(285, '', 'آقای', 'مردیها'),
(287, '', 'زهرا', 'رحیمی'),
(288, '', 'محمد', 'ذوفقاری'),
(289, '', 'خانم', 'پالهنگ'),
(290, '', 'آقای', 'پاکنژاد'),
(291, '', 'علی محمد', 'منتظری'),
(292, '', 'محمد', 'طاهری'),
(293, '', 'خانم', 'سمیع'),
(294, '', 'امیرمحمد', 'محمدی'),
(295, '', 'مریم', 'حسینی گشینگان'),
(296, '', 'سیدعلی', 'مرندی'),
(297, '', 'خانم', 'راشدی'),
(298, '', 'آقای', 'بهره مند'),
(299, '', 'امیر', 'حکمت پناه دهکردی'),
(300, '', 'دکتر', 'وطنی'),
(301, '', 'آقای', 'مهدوی'),
(302, '', 'آقای', 'دکتر کابلی'),
(303, '', 'محسن', 'ادیبی'),
(304, '', 'آقای', 'مظاهری'),
(305, '', 'مریم', 'مهدویان'),
(306, '', 'آقای', 'فقیه ایمانی'),
(308, '', 'آقای', 'امیرمحمدی'),
(309, '', 'خانم', 'نادری'),
(310, '', 'خانم', 'محمود زاده'),
(311, '', 'امیر', 'شبانیان'),
(312, '', 'راضیه', 'رئیسی'),
(313, '', 'آقای', 'مظاهری'),
(316, '', 'ملیحه', 'ساوج'),
(317, '', 'آقای', 'موحدیان'),
(318, '', 'آقای', 'قاضی عسگر'),
(319, '', 'رومینا', 'صالحی'),
(320, '', 'مژگان', 'شبان زاده'),
(321, '', 'علی اصغر ', 'انصاریپور'),
(322, '', 'آقای', 'یارمحمدی'),
(323, '', 'آقای', 'کوهرنگ'),
(324, '', 'مجید', 'کفائی'),
(325, '', 'زهره', 'جمالی قهدریجانی'),
(326, '', 'امیر', 'صحراکار'),
(327, '', 'سیدمحمد', 'علمداری'),
(328, '', 'شاهین', 'فروتنیان'),
(329, '', 'علی', 'رحمانی'),
(330, '', 'خانم', 'یارعلی'),
(331, '', 'حمید', 'میرمجربیان'),
(332, '', 'سیدمحمدرضا', 'میراحمدی'),
(333, '', 'مهرداد', 'تدین'),
(334, '', 'آقای', 'نعمتی'),
(335, '', 'نرجس', 'شفیعی'),
(336, '', 'فاطمه', 'مصلحی'),
(337, '', 'مسعود', 'فرکی'),
(338, '', 'مهدی', 'اسدی وصفی'),
(339, '', 'دکتر ایوب', 'باقری'),
(340, '', 'رستم', 'فرهادی'),
(341, '', 'مهرداد', 'تدین'),
(342, '', 'آقای', 'فیلا'),
(343, '', 'صدیقه', 'ابراهیمی فر'),
(344, '', 'حمید', 'روائی'),
(345, '', 'سارا', 'ربیعی'),
(348, '', 'احمد', 'صالحی'),
(349, '', 'آقای', 'نقش'),
(350, '', 'روح اله', 'گلی پور'),
(351, '', 'سیدآرش', 'رضایی'),
(352, '', 'یاسر', 'تذهیبی'),
(353, '', 'منیره', 'عرب جعفری'),
(354, '', 'مریم', 'مختاری'),
(355, '', 'ژیلا', 'نوری'),
(356, '', 'سپهر', 'کیخایی'),
(357, '', 'خانم', 'کوچک دزفولی'),
(358, '', 'مسعود', 'سلیمانپور'),
(359, '', 'پیمان', 'شایق'),
(360, '', 'علی', 'اسدیان'),
(361, '', 'کیهان', 'کیافر'),
(362, '', 'آزاده', 'هراتیان'),
(363, '', 'خانم', 'مولوی نیا'),
(364, '', 'مریم', 'نادی'),
(365, '', 'خانم', 'مستاجران'),
(366, '', 'آقای', 'نوربهبهانی'),
(367, '', 'امیرمنصور', 'نبوی نژاد'),
(368, '', 'دکتر محمداحسان', 'بصیری'),
(369, '', 'مهدی', 'کورنگی'),
(370, '', 'بابک', 'نیک مرد'),
(371, '', 'فرهاد', 'ربیعی'),
(372, '', 'علی', 'خوروش'),
(373, '', 'سیدابوالفضل', 'موسوی زاده'),
(374, '', 'مهدی', 'نیرومند'),
(375, '', 'حمیدرضا', 'تقوی'),
(376, '', 'نازنین', 'ذاکر'),
(377, '', 'زینب', 'امیرخانی'),
(378, '', 'فاطمه', 'مرتضوی تهرانی'),
(379, '', 'شبنم', 'دادبین'),
(380, '', 'علیرضا', 'امامی'),
(381, '', 'محمدرضا', 'بهاری'),
(382, '', 'پریناز', 'نصیری'),
(383, '', 'ناصر', 'آقاجان زاده'),
(384, '', 'راضیه', 'طاهریان دهکردی'),
(385, '', 'حامد', 'صرامی'),
(386, '', 'نرجس', 'مؤمنیان کوپایی'),
(387, '', 'سیدمحسن', 'زارع'),
(388, '', 'اصغر', 'براتی'),
(389, '', 'فرزاد', 'خلیلی'),
(390, '', 'ناهید', 'غفرانی'),
(391, '', 'زهرا', 'احمدی'),
(392, '', 'مرجان', 'مزروعی'),
(393, '', 'مهناز', 'سینایی'),
(394, '', 'مسعوده', 'آقامحمدرفیع'),
(397, '', 'الهه', 'شریفی'),
(398, '', 'مسعود', 'براتی'),
(399, '', 'سعید', 'روح العلم'),
(400, '', 'علی', 'حدادی'),
(401, '', 'حسینعلی', 'مصدقیان'),
(402, '', 'محمدرضا', 'مجتبائی'),
(403, '', 'آقای مهندس', 'براتی'),
(404, '', 'سارا', 'باقرنصرآبادی'),
(405, '', 'فاطمه', 'روحانی'),
(406, '', 'مهدی', 'موسوی'),
(407, '', 'الهه', 'شیران'),
(408, '', 'محمود', 'حر'),
(409, '', 'آقای', 'سجادی فر'),
(410, '', 'حمیده', 'نظریان'),
(411, '', 'محبوبه', 'مرتضوی بیک'),
(412, '', 'سوده', 'رحمانی نژاد'),
(413, '', 'آقای', 'یوسفی'),
(414, '', 'شهلا', 'شجاعی'),
(415, '', 'م', 'خصم افکن'),
(416, '', 'سید بهروز', 'ابطحی'),
(417, '', 'دکتر احسان', 'یزدیان'),
(418, '', 'سوده', 'امیری دوماری'),
(419, '', 'حمید', 'فرخ پور'),
(420, '', 'سعید', 'عماد'),
(421, '', 'هما', 'تحویلیان'),
(422, '', 'جواد', 'احمدیان'),
(423, '', 'فائزه', 'میردامادی'),
(424, '', 'ملیحه', 'فلاح پور'),
(425, '', 'مریم', 'ملاکریمی دستجردی'),
(426, '', 'فرزانه', 'کاظمی'),
(427, '', 'جواد', 'دکتر راستی'),
(428, '', 'حمیدرضا', 'قربانی سینی'),
(430, '', 'بهزاد', 'مصلحی'),
(431, '', 'دکتر مهدی', 'قجاوند'),
(433, '', 'حسین', 'درجانی'),
(434, '', 'فاطمه', 'محمد صالحی'),
(435, '', 'احسان', 'محمدی'),
(436, '', 'خ', 'بهرامی'),
(437, '', 'محمدحسن', 'دکتر صمدانی'),
(438, '', 'سیدمحسن', 'هاشمی'),
(439, '', 'آیتین', 'سعادت ملی'),
(440, '', 'مجتبی', 'نصر آزادانی'),
(441, '', 'مرضیه', 'جانقربان'),
(442, '', 'عبدالمجید', 'عبدالباقی'),
(444, '', 'مهدی', 'عطاری'),
(445, '', 'محسن', 'ابوطالبی'),
(446, '', 'اسماعیل', 'محمدی'),
(447, '', 'علی', 'حقیقی زاده سبدانی'),
(448, '', 'فاطمه', 'بکتاشیان اصفهانی'),
(449, '', 'اعظم', 'سلیمی'),
(450, '', 'موسی ', 'موسی زاده '),
(451, '', 'لیلا', 'جوادی'),
(452, '', 'لادن', 'فتوت'),
(453, '', 'سپهر', 'اصلانی'),
(454, '', 'عطیه السادات', 'پورفرمانبر'),
(455, '', 'راضیه', 'زمانی فروشانی'),
(456, '', 'زهرا', 'اسماعیلی '),
(457, '', 'سیداشکان', 'عبدالعظیمی '),
(458, '', 'محمود', 'احمدی آذر'),
(459, '', 'سارا', 'فیروزی'),
(460, '', 'مهدی', 'اکبری کوپایی'),
(461, '', 'مهدی', 'ناصری'),
(462, '', 'دکتر اسماعیل', 'نیک ملکی'),
(463, '', 'علی', 'فرجیان شرقی'),
(464, '', 'مریم', 'میر دهقانی'),
(465, '', 'آسیه', 'جعفری یزدآبادی'),
(466, '', 'ویکتوریا', 'قانع'),
(467, '', 'مهدی', 'قاسمی'),
(468, '', 'سایه', 'سیدین'),
(469, '', 'خ', 'نصرآبادی'),
(470, '', 'نرگس السادات', 'نیکو'),
(471, '', 'آقای مصطفی', 'نجاران'),
(472, '', 'آقای', 'کثیری'),
(474, '', 'آقای', 'واحدی پور'),
(475, '', 'اسماعیل', 'شاه محمدی '),
(476, '', 'پریسا', 'شیروانی'),
(477, '', 'صفا', 'صوافی'),
(478, '', 'ناصر', 'کمالی اندانی'),
(479, '', 'کاوه', 'شهرکی'),
(480, '', 'بهاره', 'توکلی'),
(481, '', 'محدثه', 'اکبری'),
(482, '', 'عزت الصوص', 'حسنی'),
(483, '', 'محمداسماعیل', 'صادقی'),
(484, '', 'فضل اله', 'کلانتری'),
(485, '', 'کیهانه', 'کیخسرو کیانی'),
(486, '', 'سمیرا', 'سرائیان'),
(487, '', 'محمدرضا', 'فلاحیان'),
(488, '', 'غزل', 'جعفری'),
(489, '', 'فروغ', 'تاکی'),
(490, '', 'نسیم ', 'نجفی پور'),
(491, '', 'شادی', 'مؤذنی'),
(492, '', 'مریم', 'جدی گلفزانی'),
(493, '', 'الهام', 'جاویز'),
(494, '', 'مهران', 'ماجد حسین آبادی'),
(495, '', 'آذرمیدخت', 'میرمیران ورزنه'),
(496, '', 'آقای', 'نحوی'),
(497, '', 'آقای', 'آریانژاد'),
(498, '', 'آزاده', 'ملت اردکانی'),
(499, '', 'دانیال', 'کریمی قهفرخی'),
(500, '', 'فرشته', 'هاشمی چمگردانی'),
(501, '', 'محمدرضا', 'صحتی'),
(502, '', 'زهرا', 'کاظمی زهرانی'),
(503, '', 'علیرضا', 'آریان فر'),
(504, '', 'فریده', 'حاجی حیدری'),
(505, '', 'محسن', 'ریاحی منش'),
(506, '', 'مسعود', 'مجیدی'),
(507, '', 'میثم', 'لیموچی دلی '),
(508, '', 'داود', 'صافی دستجردی'),
(509, '', 'محمد', 'خدائی تهرانی'),
(510, '', 'الهه', 'علیخانی'),
(511, '', 'محمد', 'مکارمی'),
(512, '', 'شهرزاد', 'عجمی'),
(513, '', 'کیوان', 'بکرانی بالانی'),
(514, '', 'مهسا', 'اقتداری نائینی'),
(515, '', 'خانم', 'جبل عاملی'),
(516, '', 'اقای', 'میرنظیری'),
(517, '', 'آقای', 'پناهنده'),
(518, '', 'مینا', 'متقی'),
(519, '', 'راضیه', 'هادیان'),
(520, '', 'حمیدرضا', 'امساکی'),
(523, '', 'شادی', 'فروتنیان '),
(524, '', 'سارا', 'اکبرشاهی'),
(525, '', 'محمدجواد', 'فیض خسروی'),
(526, '', 'شیما', 'صفا زاده'),
(527, '', 'علیرضا', 'منیری حمزه کلایی'),
(528, '', 'مجید', 'صدری'),
(529, '', 'فاطمه', 'شریفی'),
(530, '', 'حمید', 'افضلی'),
(531, '', 'مجید', 'شاهچراغی'),
(532, '', 'الهام', 'هزاره'),
(533, '', 'علی', 'علی پور'),
(534, '', 'شیرین', 'افیونی اکبری'),
(535, '', 'نجمه', 'آقا عبدالهیان'),
(536, '', 'حسین', 'جعفرزاده'),
(537, '', 'سهیل', 'زادی مقدم'),
(538, '', 'مهدی', 'حاجیان'),
(539, '', 'امین', 'پور صفر'),
(540, '', 'مهسا', 'منوچهری شهرضا'),
(541, '', 'حمید رضا', 'امامی'),
(542, '', 'آقای', 'سعیدی'),
(543, '', 'آقای', 'خیبری'),
(544, '', 'آقای', 'حوری زاد'),
(545, '', 'محمد', 'میرزایی'),
(546, '', 'نقش جهان', 'مهندس صفدریان'),
(547, '', 'شاهین', 'آگاه '),
(548, '', 'زینب', 'مساح بوانی'),
(549, '', 'حمید', 'صانعی عطاآبادی '),
(550, '', 'علیرضا', 'مساح'),
(551, '', 'اصغر', 'نهچیری'),
(552, '', 'سمیه', 'کریمی'),
(553, '', 'مهدی', 'ابرقویی نژاد'),
(554, '', ' سجاد', 'اسمعیلی'),
(555, '', 'آناهیتا', 'قاسمی'),
(556, '', 'معصومه', 'جعفری اورگانی'),
(557, '', 'مهدی', 'صادقیان'),
(558, '', 'مرضیه', 'مسعودی'),
(559, '', 'نازنین', 'شفیعی'),
(560, '', 'مریم', 'یزدان بخش پوده'),
(561, '', 'ناصر', 'پهلوان نژاد'),
(562, '', 'سولماز', 'شریعتی'),
(563, '', 'علی', 'شیشه بری'),
(565, '', 'رقیه', 'رفیعیان اصفهانی'),
(566, '', 'آقای', 'فیروزآبادی'),
(567, '', 'ایمان ', 'جلال'),
(568, '', 'سمیه', 'ترکی هرچگانی'),
(569, '', 'محمدرضا', 'سیدسلیمانی'),
(570, '', 'آقای', 'عمرانی'),
(571, '', 'مهدی', 'حسین زاده'),
(572, '', 'سعید', 'زمانی '),
(573, '', 'لاله', 'سلیمی زاده'),
(574, '', 'مهدی', 'نیکنام'),
(575, '', 'فرزانه', 'شایق بروجنی'),
(576, '', 'مرتضی', 'رضوی'),
(577, '', 'حمیده', 'وحید'),
(578, '', 'پژمان', 'دادور'),
(579, '', 'محمدحسن', 'ربانی پور'),
(580, '', 'خانم', 'رفیعی'),
(581, '', 'فریناز', 'کافی'),
(582, '', 'امین', 'روشنگرزاده'),
(583, '', 'شیوا', 'رزاقی'),
(584, '', 'حسن', 'خواجه پور گلوسالاری '),
(585, '', 'حسین', 'دلاوری پور'),
(586, '', 'هاجر', 'قطب'),
(587, '', 'خانم', 'مفیدی '),
(588, '', 'خانم', 'قهرمانی'),
(590, '', 'ناهید', 'جعفری'),
(591, '', 'حمیدرضا', 'فیروزی نجف آبادی'),
(592, '', 'ابراهیم', 'محمدی دینانی'),
(593, '', 'نرگس', 'سلطانی'),
(594, '', 'فاطمه', 'رحیمی'),
(595, '', 'سامره', 'معتمدی'),
(596, '', 'محمدرضا', 'توکلی دستجردی'),
(597, '', 'لیلا', 'معصومی نائینی'),
(598, '', 'آقای', 'مددی'),
(599, '', 'منصور', 'نوروزی'),
(600, '', 'مسعود', 'ضیغم زاده الیادرانی'),
(601, '', 'مهشید', 'غفرانی اصفهانی '),
(602, '', 'جمال الدین', 'طباطبائی'),
(603, '', 'عیسی', 'شاه محمدی'),
(604, '', 'مهدی', 'تابعی'),
(605, '', 'مجید', 'لطفی '),
(606, '', 'فروزنده', 'مثقالی فروش'),
(607, '', 'سروش', 'شفیعی'),
(608, '', 'شهرام', 'شمس الکتابی'),
(609, '', 'رامین', 'احمدی'),
(610, '', 'شهره', 'شاه پوری ارانی'),
(611, '', 'علیرضا', 'زمانی'),
(612, '', 'سید عباس', 'موسوی رنانی'),
(613, '', 'مصطفی', 'طاهری کجانی'),
(614, '', 'محمدطاهر', 'باقریان'),
(615, '', 'سیداحسان', 'حیدری کوشالشاهی'),
(616, '', 'خ', 'معطریان'),
(617, '', 'نسیم', 'نصر اصفهانی'),
(618, '', 'حسین', 'عزیزی پور'),
(619, '', 'آقای', 'زدتشت'),
(620, '', 'زهرا', 'اله یاری'),
(621, '', 'مریم', 'شاه سیاه'),
(622, '', 'مژده', 'باقربوم '),
(623, '', 'دکترعلی', 'عسگری فروشانی'),
(624, '', 'فرزام', 'انصاری پور'),
(625, '', 'ندا', 'رضائی'),
(626, '', 'محمدرضا', 'روحانی'),
(627, '', 'عارفه', 'نگینی'),
(628, '', 'فاطمه', 'ناظم'),
(629, '', 'آقای', 'انوریان'),
(630, '', 'ایمانی', 'آقای '),
(631, '', 'ایمانی', 'آقای'),
(632, '', 'آقای', 'ایمانی'),
(633, '', 'خانم', 'عموشاهی'),
(634, '', 'آقای', 'ریحانی'),
(635, '', 'شهیره', 'جوادی'),
(636, '', 'خانم', 'سلیمانپور'),
(638, '', 'محمد', 'غفاری'),
(639, '', 'نرجس', 'فصیحی زاده'),
(640, '', 'سعیده', 'بهادران'),
(641, '', 'سید محمدعلی', 'اردستانی زاده'),
(642, '', 'مهدی', 'فرخ تبار'),
(643, '', 'خانم', 'نیکی'),
(644, '', 'آقای', 'پیمانی'),
(645, '', 'فرشته', 'طوطیان اصفهانی'),
(646, '', 'لیلا', 'ماهرانی برزانی'),
(647, '', 'شیرین', 'بهادر'),
(648, '', 'خانم', 'رحمتی'),
(649, '', 'آرزو', 'شفیعی '),
(650, '', 'زهرا', 'حیدری دارانی'),
(651, '', 'محمد', 'راعی'),
(652, '', 'آقای', 'نصیریان'),
(653, '', 'اکرم آغا', 'مدینه '),
(654, '', 'راضیه', 'گلپایگانی'),
(655, '', 'محسن', 'رجبی محمدآبادی'),
(656, '', 'نجمه', 'مکارمی'),
(657, '', 'آتوسا', 'طاهری'),
(658, '', 'پریسا', 'میرزاباقریان حسین آبادی'),
(659, '', 'رخساره', 'حضرتی'),
(660, '', 'سید احمدرضا', 'شکرانی'),
(661, '', 'آقای', 'رکنی فولادی'),
(662, '', 'خانم', 'بکتاش '),
(663, '', 'انسیه', 'بخشی'),
(664, '', 'غلامحسین', 'کریمی درچه'),
(665, '', 'منیره', 'روستازاده'),
(666, '', 'زهرا', 'یزدان جو'),
(667, '', 'الهه', 'سرتاج'),
(668, '', 'کاوه', 'استاد علی عسکری'),
(669, '', 'آرزو ', 'حسینی '),
(670, '', 'اعظم', 'جان نثاری لادانی'),
(671, '', 'مرضیه', 'کفایت'),
(672, '', 'امین', 'یزدانی '),
(673, '', 'یلدا', 'صفرعلی پور'),
(674, '', 'فرنوش', 'نیکوکار'),
(675, '', 'مهتاب', 'دانش نیا'),
(676, '', 'ناصر', 'مومنی '),
(677, '', 'ابوالفضل', 'فروغی راد'),
(678, '', 'فرانک', 'نعمانی'),
(679, '', 'الهام', 'دلیران فیروز'),
(680, '', 'المیرا', 'تخشا قهفرخی'),
(681, '', 'مریم', 'قاسمی'),
(682, '', 'آقای', 'رضایی'),
(683, '', 'آقای', 'وطنخواه'),
(684, '', '', 'فوتسال (آقای میرزایی)'),
(685, '', '', 'والیبال (آقای شبانیان)'),
(686, '', '', 'فوتسال (نامشخص)'),
(687, '', '', 'والیبال (نامشخص)'),
(688, '', 'نفیسه', 'کارشناس'),
(689, '', 'نیلوفر', 'یزدانی نیا'),
(691, '', 'بتول', 'مقاره عابد'),
(692, '', 'هاجر', 'عباد سیچانی'),
(693, '', 'آقای', 'نفر'),
(694, '', 'مهران', 'لاریجانی'),
(695, '', 'محمد احسان', 'شمس'),
(696, '', 'صالح', 'ریاحی'),
(697, '', 'مرضیه', 'سورانی'),
(698, '', 'مجتبی', 'حیدری'),
(699, '', 'آقای', 'نشاط پور'),
(700, '', 'رسول', 'رفیعایی'),
(701, '', 'ابوالفضل', 'خدیوی'),
(702, '', 'لیلا', 'ذهبیون'),
(703, '', 'علی محمد', 'تبریزچی'),
(704, '', 'حمید', 'احمدی'),
(705, '', 'خانم', 'مختاریان'),
(706, '', 'آقای', 'حیدری'),
(707, '', 'آقای', 'فدائی'),
(708, '', 'حمیده', 'کرمانی'),
(709, '', 'حسین', 'محمدی'),
(710, '', 'محسن', 'کریمی'),
(711, '', 'آقای', 'مهره کش'),
(712, '', 'رامتین', 'صادقی'),
(713, '', 'مریم', 'توکلی'),
(714, '', 'امین السادات', 'مصطفی'),
(715, '', 'مسعود', 'تاجداری'),
(716, '', 'مصطفی', 'امین السادات'),
(717, '', 'مریم', 'طاهری میمندی'),
(718, '', 'محمد', 'رضوانی'),
(719, '', 'مریم', 'میرزاخانی'),
(720, '', 'مجید', 'امامی پور'),
(721, '', 'مهدی', 'میرزایی'),
(722, '', 'زهرا', 'شریفی نسب'),
(723, '', '  دکتر مریم', 'بیاتی'),
(724, '', 'آقای', 'جلیل پور'),
(725, '', 'طیبه ', 'کیانی'),
(726, '', 'مریم', 'یزدان پناه'),
(727, '', 'مرضیه', 'اصلانی فر'),
(728, '', 'آنوشا', 'ترابیان'),
(729, '', 'محمد', 'داودی'),
(730, '', 'محمدمهدی', 'احمدی'),
(731, '', 'محبوبه', 'مسیبی عمروآبادی'),
(732, '', 'محمد', 'موسوی'),
(733, '', 'خانم', 'زینلی'),
(734, '', 'خانم', 'نصری'),
(735, '', 'امین', 'خویش اردستانی زاده'),
(736, '', 'حسین', 'سلطان زاده'),
(737, '', 'سید مسعودرضا', 'مطلبی'),
(738, '', 'مرضیه', 'رحمتی'),
(739, '', 'علی', 'جعفری'),
(740, '', 'معصومه', 'بندانی'),
(741, 'آقای', 'آقاي ', 'فخارزاده'),
(742, 'خانم', 'بهاره ', 'نواب پور'),
(743, 'خانم', 'مينا', 'رهبري'),
(744, 'خانم', 'مهشاد', 'نادريان'),
(745, 'خانم', 'سيما', 'نصيري'),
(746, 'خانم', 'نکيسا', 'ابونصر'),
(747, 'دکتر', 'عبدالرحیم', 'بهرامی'),
(748, 'دکتر', 'مهرداد', 'خشوعی'),
(749, 'آقای', 'کامپیوتر', 'مختاری'),
(750, 'خانم', 'فرشته', 'امیری'),
(751, 'خانم', 'لیلا', 'شیری'),
(752, 'آقای', 'حامد', 'ملکوتی خواه'),
(753, 'آقای', 'نائب', 'احمدزاده'),
(754, 'خانم', 'زهره', 'بهمنی اصفهانی'),
(755, 'خانم', 'راضیه', 'عباسی'),
(756, 'آقای', 'مهران', 'جابرزاده'),
(757, 'آقای', 'محمدباقر', 'سپه کار'),
(758, 'آقای', 'محمد', 'دلایلی'),
(759, 'خانم', '', 'بهرامی'),
(760, 'آقای', '', 'مدرسی'),
(761, 'آقای', '', 'ده شیخی'),
(762, 'آقای', '', 'اربابان'),
(763, 'آقای', '', 'ده شیخی'),
(764, 'آقای', 'بابک', 'احمد زاده'),
(765, 'خانم', 'سارا', 'صابریان'),
(766, 'خانم', 'طاهره', 'محمودی'),
(767, 'خانم', 'ندا', 'محمدی'),
(768, 'خانم', 'الهه', 'هنرمند'),
(769, 'خانم', 'اعظم', 'بهرامی'),
(770, 'آقای', '', 'خیبری'),
(771, 'آقای', '', 'پاکدل'),
(772, 'آقای', '', 'رمضانپور'),
(773, 'خانم', 'مرضیه', 'قاسمی'),
(774, 'خانم', '', 'یوسفی'),
(775, 'خانم', 'زينب ', 'رشيدي'),
(776, 'آقای', 'پژمان', 'نوروزي'),
(777, 'آقای', 'جلال', 'عسگري'),
(778, 'آقای', 'جواد', 'عسگري'),
(779, 'آقای', 'اسماعيل ', 'شاه نظري'),
(780, 'آقای', 'جلال', 'راسخ'),
(781, 'خانم', 'فرشته', 'رضائي'),
(782, 'آقای', 'آقاي', 'کيانزاده'),
(783, 'آقای', 'سعيد', 'نصرالهي'),
(784, 'خانم', 'سيما', 'نصيري'),
(785, 'خانم', 'خانم', 'جابري نيا'),
(786, 'خانم', 'زينب', 'رشيدي'),
(787, 'خانم', 'مهسا', 'فياض'),
(788, 'آقای', '', 'جابری نیا'),
(789, 'خانم', 'مهسا', 'فیاض'),
(790, 'خانم', 'زینب', 'رشیدی'),
(791, 'خانم', 'سيما', 'نصيري'),
(792, 'خانم', 'سيما', 'نصيري'),
(793, 'آقای', '', 'جابری نیا'),
(794, 'آقای', '', 'کیان زاده'),
(795, 'آقای', 'آقاي', 'رضواني(کامپيوتر)'),
(796, 'خانم', 'خانم', 'اسکندري(کامپيوتر)');

-- --------------------------------------------------------

--
-- Table structure for table `users`
--

CREATE TABLE IF NOT EXISTS `users` (
  `id` int(11) NOT NULL AUTO_INCREMENT,
  `username` varchar(50) CHARACTER SET utf8 NOT NULL,
  `password` varchar(50) CHARACTER SET utf8 NOT NULL,
  `type` int(11) DEFAULT NULL,
  UNIQUE KEY `id` (`id`),
  UNIQUE KEY `username` (`username`)
) ENGINE=InnoDB  DEFAULT CHARSET=latin1 AUTO_INCREMENT=22 ;

--
-- Dumping data for table `users`
--

INSERT INTO `users` (`id`, `username`, `password`, `type`) VALUES
(1, 'admin', '123', NULL),
(2, '416', '416416', NULL),
(3, '216', '216216', NULL),
(4, '81', '8181', NULL),
(8, '625', '625625', NULL),
(9, '324', '324324', NULL),
(10, '270', '270270', NULL),
(11, '344', '344344', NULL),
(12, '627', '627627', NULL),
(13, '130', '130130', NULL),
(14, '367', '367367', NULL),
(15, '262', '262262', NULL),
(16, '596', '596596', NULL),
(17, '628', '628628', NULL),
(18, '626', '626626', NULL),
(19, '514', '514514', NULL),
(20, '476', '476476', NULL),
(21, '244', '244244', NULL);

/*!40101 SET CHARACTER_SET_CLIENT=@OLD_CHARACTER_SET_CLIENT */;
/*!40101 SET CHARACTER_SET_RESULTS=@OLD_CHARACTER_SET_RESULTS */;
/*!40101 SET COLLATION_CONNECTION=@OLD_COLLATION_CONNECTION */;
